Date,Close,High,Low,Open,Volume
2021-09-28,272.1018981933594,279.069528394677,271.3629186493173,278.1289850116234,43186200
2021-09-29,272.56256103515625,275.2209951886973,271.6124403531808,273.61826695321446,26353700
2021-09-30,270.5663146972656,276.23827687630234,270.278378953934,274.20365982638276,32343600
2021-10-01,277.4571838378906,278.301748595393,269.96171554788884,270.7582763645691,30086300
2021-10-04,271.7083740234375,276.16152262576014,268.96356808295144,275.82561222271863,31350700
2021-10-05,277.1307678222656,278.70470481503094,272.61043272876907,272.61043272876907,24993000
2021-10-06,281.3056945800781,281.80477159124865,274.0117895006264,274.27090536434855,28002600
2021-10-07,282.9755859375,284.6935059183277,282.08304662293614,283.2922830435044,20430500
2021-10-08,282.9755859375,284.6935059183277,281.92948674808355,284.2904075857707,17685700
2021-10-11,282.3805847167969,285.96995558239155,280.96017771512624,281.12334424926865,19298600
2021-10-12,281.0849304199219,283.54182991335233,280.57627613312303,283.44585132765303,17974100
2021-10-13,284.3768005371094,285.30773721131357,281.6703624588803,283.0331881435553,23416300
2021-10-14,290.55743408203125,291.05648172385895,285.83556297646015,287.1599913093113,27262900
2021-10-15,291.9586486816406,292.1890031616516,288.4172524202229,290.1639632249141,25384800
2021-10-18,294.9145812988281,295.79751392665924,290.4998302940227,291.34439492137415,22729300
2021-10-19,295.8167419433594,296.8436278454899,294.8474080448137,295.93190452763184,17682100
2021-10-20,295.02972412109375,297.22750747620495,293.7820612638545,296.7572212605968,16537100
2021-10-21,298.24481201171875,298.49432114907256,294.02198921283684,294.79939513287235,16918100
2021-10-22,296.7092590332031,298.5615254647834,295.40401483593905,297.89931136627246,17449300
2021-10-25,295.7207946777344,296.939637875098,294.11803710740327,296.90124058009036,17554500
2021-10-26,297.6209716796875,299.81875504845516,296.171803603044,298.475142899543,28107300
2021-10-27,310.1551208496094,312.96711513957035,303.27386241357704,303.27386241357704,52588700
2021-10-28,311.2875671386719,311.78661480927093,308.41796248920383,311.2683538472866,26297900
2021-10-29,318.2648010253906,318.62950212965984,310.8557042019177,311.07645205149026,34766000
2021-11-01,316.10540771484375,318.14002510806927,313.2262255270214,318.01525586042806,27073200
2021-11-02,319.7139587402344,320.02107850414706,316.71000761817237,317.00752073679007,26487100
2021-11-03,320.5489501953125,321.41269899381626,317.3338575616903,320.4529715980219,21500100
2021-11-04,322.890625,322.98660357874707,316.23972246138726,319.4836051186062,23992200
2021-11-05,322.5259704589844,325.14603666479826,320.9520328371746,324.8773141787061,22570100
2021-11-08,323.41851806640625,324.0519416472353,320.97122498059144,323.71603120896236,20897000
2021-11-09,322.4203796386719,325.078813563159,321.0575540639552,323.5336374688277,21307400
2021-11-10,317.47772216796875,321.15349346911216,316.63318689786576,321.0959121845267,25500900
2021-11-11,319.0421447753906,320.3281758647958,317.19948472941286,317.9096735712425,16849800
2021-11-12,323.159423828125,323.64889419343916,320.34742946636004,320.4721987193662,23831000
2021-11-15,322.53546142578125,324.27256496081156,320.57761013584405,323.9462612939127,16723000
2021-11-16,325.8369140625,326.9502008661022,321.99800616947573,322.16114335334527,20886800
2021-11-17,326.0580749511719,329.00983448359005,324.9812188025432,325.8850150720271,19053400
2021-11-18,328.1253356933594,329.25990808153233,324.1351865907532,325.15435635646554,22463500
2021-11-19,329.89447021484375,331.8078416400719,329.01954636756113,329.44260130183307,21963400
2021-11-22,326.74078369140625,336.2018030638584,326.4715696014347,331.3462958819071,31031100
2021-11-23,324.6736145019531,326.3754584116151,320.7123087229874,324.067875438659,30427600
2021-11-24,324.894775390625,325.1351461786082,321.0488427828943,323.32755315823283,21661300
2021-11-26,316.98175048828125,324.9139862915625,315.4818391564863,321.4718896050423,24217200
2021-11-29,323.6640930175781,325.9716468199308,321.84687569261206,322.03918406869917,28563500
2021-11-30,317.8567199707031,324.7697863608636,316.3183410190401,322.4045459611877,42885600
2021-12-01,317.3663330078125,326.2119893836903,316.7029366546509,322.2218403334276,33337600
2021-12-02,316.79901123046875,320.6449430720415,315.17410268003374,317.5778100810167,30766000
2021-12-03,310.5686950683594,319.88546954113923,305.7804982116358,319.20279534885117,41779300
2021-12-06,313.6261901855469,314.8376683407075,306.93427569570224,311.4724773249387,30032600
2021-12-07,322.0199279785156,322.8660084465521,317.38557246325246,318.86626463105284,31021900
2021-12-08,322.0680236816406,322.5776085960502,318.05862588929494,322.394924443513,24761000
2021-12-09,320.27008056640625,323.52949356795324,319.3278164061056,321.52962129274965,22214200
2021-12-10,329.34637451171875,329.78864844836016,321.894881726078,322.0775658320641,38095700
2021-12-13,326.32733154296875,330.5482560904691,326.01964993405755,327.5580286364802,28899400
2021-12-14,315.6933898925781,321.75075164875943,311.6263053995195,320.38543259627,44438700
2021-12-15,321.7602233886719,322.2794323329864,312.0011785266042,315.9528588761099,35381100
2021-12-16,312.3858642578125,323.78906948093504,310.5782712717892,322.7794945853097,35034800
2021-12-17,311.3282165527344,312.405102273891,305.03051397428044,308.5207023277349,47750300
2021-12-20,307.58807373046875,310.36674473714834,305.3382067120296,307.72266611167277,28326500
2021-12-21,314.68377685546875,315.1068317195721,307.4822492884366,310.8378448851712,24740600
2021-12-22,320.36627197265625,320.76045433493294,313.2032090990739,315.65497996606166,24831500
2021-12-23,321.7987976074219,323.43333069819255,319.91429885047023,319.93351795028815,19617800
2021-12-27,329.2599182128906,329.2887615338592,322.5102876848739,322.5391310058425,19947000
2021-12-28,328.106201171875,330.56759626040093,327.21202867673,329.93301371290136,15661500
2021-12-29,328.7791748046875,331.0386367329647,326.5965892757154,328.1541872836197,15042000
2021-12-30,326.2504577636719,329.9137060860202,325.76971620596595,328.7406955115323,15994500
2021-12-31,323.3659973144531,326.288884758608,322.9140990920403,325.47164761227714,18000800
2022-01-03,321.8564453125,324.98126516990294,317.0778734645708,322.433341000755,28865100
2022-01-04,316.33758544921875,322.2891685868689,313.5588850186426,321.9333951684874,32674300
2022-01-05,304.19403076171875,313.5108044365724,303.8094433864934,313.308871857317,40054300
2022-01-06,301.7903137207031,306.42466920650463,299.49235507622586,301.08842050942394,39646100
2022-01-07,301.9442138671875,304.30945449198936,298.14634321960966,302.049962942499,32720000
2022-01-10,302.1653137207031,302.5979928961551,292.9543176051216,297.56942521329626,44289500
2022-01-11,302.847900390625,304.4150929012101,297.9539558539571,301.3095218517947,29386800
2022-01-12,306.0112609863281,310.9532989363436,304.86709358053514,307.35736099935986,34372200
2022-01-13,293.05999755859375,308.52066014986855,292.2908229193429,308.1264486110597,45366000
2022-01-14,298.25213623046875,298.848251191387,292.05055710810643,292.53129876589753,39846400
2022-01-18,290.99285888671875,297.8674572905509,290.1179057310112,292.3581778205605,42333200
2022-01-19,291.6466979980469,301.8192070990576,291.0409882048272,294.49270951204926,45933900
2022-01-20,289.9832458496094,299.64613716915983,289.5409719354608,297.1655242204412,35380700
2022-01-21,284.62786865234375,292.39663994676283,284.22403280045586,291.0313502433303,57984400
2022-01-24,284.9548034667969,285.66629172565484,265.4174555944959,280.94543450165037,85731500
2022-01-25,277.37835693359375,283.6279994900083,274.1862541125029,280.29165067466727,72848600
2022-01-26,285.28167724609375,296.6175725961171,281.74342604783857,296.1272067657119,90428900
2022-01-27,288.2911376953125,295.4637946124978,286.45470114422875,291.00252753568583,53481300
2022-01-28,296.38671875,296.5982461549812,283.1086426691968,288.66601248138005,49743700
2022-01-31,299.00201416015625,300.34808458292423,294.56956197195456,297.05020471160907,46444500
2022-02-01,296.8675537109375,298.6655225486515,293.37736510025144,298.45399507702996,40950400
2022-02-02,301.3865051269531,302.98257070424955,296.9829251353378,297.70403751014493,36636000
2022-02-03,289.6467590332031,299.2423701113963,288.40643772478234,297.5693697082304,43730000
2022-02-04,294.15618896484375,296.906016986016,288.4161327669498,288.64687935833757,35096500
2022-02-07,289.3583984375,295.9830028319127,288.3488234105986,294.3773422215108,28533300
2022-02-08,292.8293151855469,293.79079836630905,288.3968918064597,289.64680820459523,32421200
2022-02-09,299.2231140136719,299.91538294226615,295.55027128070327,297.93473032420275,31284700
2022-02-10,290.73321533203125,297.2136009412112,289.1179310391646,292.3292805293152,45386200
2022-02-11,283.676025390625,292.56974542474626,282.88760208602713,291.51210798469305,39175600
2022-02-14,283.637451171875,285.3296704395343,280.1280445088522,282.4548166597546,36359500
2022-02-15,288.8968811035156,289.2141576740427,285.5797520645728,288.4546070123702,27058300
2022-02-16,288.5596008300781,289.8795515618136,282.95219184742473,287.47087375855756,29982100
2022-02-17,280.1098937988281,285.9581395746982,279.4065494858051,285.5342100439442,32461600
2022-02-18,277.41217041015625,283.1255458158132,275.85135224968457,282.3451367355774,34264000
2022-02-22,277.2099609375,280.8904283246642,274.10758220532034,274.5893178506724,41736100
2022-02-23,270.0321044921875,281.04460436118626,269.8683308283759,279.58010909240227,37811200
2022-02-24,283.8289489746094,284.37813456051526,261.60166355056816,262.5555199373533,56989700
2022-02-25,286.4495544433594,286.7578722133429,280.9963051733294,284.35883888428555,32546700
2022-02-28,287.8756103515625,288.2128312016405,282.29710305164537,283.5592481567503,34627500
2022-03-01,284.1758728027344,289.0124881625568,281.4781355105427,285.57288855148806,31217800
2022-03-02,289.2243957519531,290.45763760043087,282.97147763773455,284.57081381078126,31873000
2022-03-03,285.1103820800781,292.05700050828193,283.3086664169441,291.8257768521812,27314500
2022-03-04,279.271728515625,284.8598787290603,276.68001821827283,283.53992798121607,32356500
2022-03-07,268.7217712402344,279.1079901922431,268.35564745891236,277.9903600081898,43157200
2022-03-08,265.7734375,273.58717191097753,260.1371271968424,267.6521879991881,48159500
2022-03-09,277.96142578125,279.0212499230222,270.52342735372963,273.0862641319039,35204500
2022-03-10,275.15771484375,276.13083008813146,270.33071510240313,272.68158699777644,30628000
2022-03-11,269.83941650390625,278.9345880109205,269.2227807529442,277.44118984064033,27209300
2022-03-14,266.3420104980469,274.97470517723553,265.7446629920697,270.09954271533127,30660700
2022-03-15,276.6606750488281,277.3062135170462,268.54826618468866,270.1090844059089,34245100
2022-03-16,283.63623046875,283.8096481851476,272.854988057363,278.54907556535204,37826300
2022-03-17,284.4359130859375,284.81165149082653,278.79960179018684,282.5764210911027,30816600
2022-03-18,289.4557189941406,290.0049047741427,282.0370065137004,284.58055583753804,43390600
2022-03-21,288.2320556640625,289.17626805109586,284.1276588300462,287.9719290179041,28351200
2022-03-22,292.95306396484375,293.85872928601555,287.85629285362114,288.8486670583763,27599700
2022-03-23,288.5500183105469,292.15342106739143,286.8446846467914,289.53277788187336,25715400
2022-03-24,292.99163818359375,293.0879911974356,287.42277505614976,288.21282860571665,24484500
2022-03-25,292.58697509765625,294.34050002683153,288.3573511232307,294.0803733450445,22566500
2022-03-28,299.3504638671875,299.44678744893827,293.2131286444829,293.2131286444829,29578200
2022-03-29,303.8884582519531,304.2834849768808,297.7607660592807,302.4432514351578,30393400
2022-03-30,302.3949890136719,304.40866924528797,300.198276345619,302.29866543748443,28163600
2022-03-31,297.0477600097656,303.6282838118876,296.6431186303352,302.43355970417105,33422100
2022-04-01,298.11724853515625,298.8013048013512,294.37897586444814,298.0690573372068,27110500
2022-04-04,303.46453857421875,303.59940925877385,298.3966704273003,298.76279420407815,24289600
2022-04-05,299.5238342285156,303.36807366097713,298.55071922318655,301.82651436032455,23156700
2022-04-06,288.5596008300781,295.7856342398464,285.8715081688589,294.04175386251336,40110400
2022-04-07,290.36126708984375,292.5579799187454,285.5246529796034,285.8233266543766,31411200
2022-04-08,286.1221008300781,290.1205012315101,285.45730321650933,289.4653477407742,24361900
2022-04-11,274.83984375,281.9213345739858,274.589331792798,281.13131042163127,34569300
2022-04-12,271.7566833496094,280.1196062790801,270.2440265143357,278.6743994842394,30966700
2022-04-13,277.113525390625,278.03844932142886,271.02438159032954,272.40216747180386,21907200
2022-04-14,269.6081237792969,277.7783698621316,269.1167734779353,277.56640502923614,28221600
2022-04-18,270.27294921875,272.1420858288505,268.1725889134815,268.72177459231517,20778000
2022-04-19,274.8783264160156,275.71657107306396,268.2400250211419,269.17459327763214,22297700
2022-04-20,275.89959716796875,279.1176168323527,274.9457700942281,278.8285578322928,22906700
2022-04-21,270.5523376464844,282.5860831842899,269.82973426697856,278.0384980731543,29454600
2022-04-22,264.02001953125,272.8550636325426,263.393769113378,271.39056854763874,29405800
2022-04-25,270.46563720703125,270.8413756866367,260.87908697872507,263.3070532274066,35678900
2022-04-26,260.34918212890625,268.19182220528097,260.13721729425794,267.3632511079873,46518400
2022-04-27,272.87432861328125,280.34123080111425,268.9626376903315,271.7952455176826,63477700
2022-04-28,279.05010986328125,280.3508015911793,271.1785388721603,274.7722962798131,33646600
2022-04-29,267.3824462890625,279.2909624684129,266.3997165093704,278.0673355494749,37073900
2022-05-02,274.0785827636719,274.5314152870126,266.12994741338053,267.56550972229473,35151100
2022-05-03,271.48687744140625,273.7510403407447,269.91641488989063,273.5872373213016,25978600
2022-05-04,279.38739013671875,280.25450833918546,266.62139669213593,272.26732383050563,33599300
2022-05-05,267.21875,275.88999102064156,264.318692205309,275.10958168100854,43260400
2022-05-06,264.6944580078125,269.04933732325316,261.36082642726797,264.77152276793004,37780300
2022-05-09,254.9152069091797,262.41101195577926,253.70125314465557,260.19503987214216,47726000
2022-05-10,259.65557861328125,263.7503326359397,255.38740677104533,261.7655836265942,39336400
2022-05-11,251.0323944091797,261.44751510704526,249.82805548109343,255.97500607449467,48975900
2022-05-12,246.0223846435547,250.38690814257984,240.88708121967693,248.27690379509,51033800
2022-05-13,251.58154296875,253.43142022710913,246.0223258803733,247.9492678815467,34925100
2022-05-16,251.94773864746094,256.1099416160169,246.43668177320907,250.46398464979046,32550900
2022-05-17,257.07330322265625,258.5281242347155,252.87255496234602,256.3892177385808,28828800
2022-05-18,245.368896484375,254.56250844134237,244.10381205020883,253.98307348210693,31356000
2022-05-19,244.4611358642578,248.8358391110842,243.2443400632524,245.19507408358177,32692300
2022-05-20,243.90101623535156,249.67600344933274,237.9908442252686,248.4205560699694,39199300
2022-05-23,251.71363830566406,252.53450204595984,244.74117401105033,246.73055952174275,33175400
2022-05-24,250.718994140625,252.37035900338427,244.80882139282033,249.0483255820953,29043900
2022-05-25,253.51956176757812,255.50893286369595,248.31437179357388,249.2897536459207,28547900
2022-05-26,256.78363037109375,257.9521373499767,252.46688284359203,253.27807996316005,25002100
2022-05-27,263.8720703125,263.96864774816714,258.38681383363456,259.2752849819585,26910800
2022-05-31,262.5490417480469,265.34961052088613,259.70983610714705,263.1864174502178,37827700
2022-06-01,263.08013916015625,268.16944748829445,260.78173234380733,265.7648261496329,25292200
2022-06-02,265.1660461425781,265.23365327445924,252.63108267756797,255.38337667898296,44008200
2022-06-03,260.7624206542969,264.074846353105,259.20763325124227,261.0424863281772,28059000
2022-06-06,259.5360107421875,264.77983823030496,258.05846737616287,262.73252632143885,22400300
2022-06-07,263.1574401855469,263.76584558835543,256.8223496712607,257.49836222355793,22860700
2022-06-08,261.1390686035156,263.6402676057848,260.3664787079768,262.39448666074105,17372300
2022-06-09,255.71176147460938,263.36021011485053,255.55724349069746,258.5992407787773,26439700
2022-06-10,244.31626892089844,251.64602827171365,243.87203349036625,251.64602827171365,31422800
2022-06-13,233.9541778564453,240.48242256411086,233.24920982974828,236.70647229198008,46135800
2022-06-14,236.1077117919922,237.3148557778769,233.2298699199791,235.49930650770008,28651500
2022-06-15,243.12841796875,246.54705752984734,237.97150308982546,239.79670396205796,33111700
2022-06-16,236.57127380371094,238.93727329741498,234.68813195099327,237.54664093367091,33169200
2022-06-17,239.15936279296875,241.91165700040483,235.6634784930398,236.31050590715876,43084800
2022-06-21,245.04055786132812,246.0159248197663,240.95557232727793,241.67985866138912,29928300
2022-06-22,244.45150756835938,248.3530054561835,241.78612402987773,243.25401534558895,25939900
2022-06-23,249.98504638671875,250.47757061654244,244.93437427025984,246.80786429478658,25861400
2022-06-24,258.5220031738281,258.7924022848079,252.747014945619,252.83392578793828,33923200
2022-06-27,255.80833435058594,259.1013975165965,254.25351742662792,259.01448667805846,24615100
2022-06-28,247.6866455078125,257.7590479870569,247.53212753900692,254.92950951957212,27295500
2022-06-29,251.33702087402344,252.98838543989126,246.99128819672805,248.75854859461052,20069800
2022-06-30,248.02462768554688,250.63207057542505,244.22937393334024,248.23708621339836,31730900
2022-07-01,250.68031311035156,250.86380133736168,245.88072261210712,247.5997090497768,22837700
2022-07-05,253.83824157714844,253.9637892662612,246.00629085879652,247.37760464946805,22941000
2022-07-06,257.0830383300781,258.8020102285566,253.4036657301254,254.70738716056056,23824400
2022-07-07,259.1979675292969,259.8353431316474,255.9338452648158,256.0304226841945,20859900
2022-07-08,258.4833679199219,258.90828502143717,254.26319665701553,255.7117696472832,19658800
2022-07-11,255.44137573242188,257.39211012267776,253.19124247116224,256.54227590235445,19455200
2022-07-12,244.97299194335938,256.8223224888686,243.39887133033,256.764381930095,35868500
2022-07-13,244.0555419921875,244.8570873615849,239.603594413408,241.61228376039588,29497400
2022-07-14,245.368896484375,246.3925521414669,237.50797609226328,241.97924175908412,25102800
2022-07-15,247.9184112548828,251.44326589652985,246.03526953214475,246.9526960395664,29774100
2022-07-18,245.5330810546875,251.89714046464383,244.6156545937457,250.84451446983314,20975000
2022-07-19,250.63206481933594,250.81555306514318,244.98262500187312,248.748908389752,25012600
2022-07-20,253.27810668945312,255.78897202237206,250.03331786878604,250.98936645500257,22788300
2022-07-21,255.76002502441406,255.80832847001912,248.21779122798213,250.8831747670427,22404700
2022-07-22,251.43359375,256.23319944277154,250.1878423691355,256.1462886118709,21881300
2022-07-25,249.9560089111328,252.5344810154432,248.00527515501608,252.05162349916128,21056000
2022-07-26,243.26364135742188,250.9700588947091,241.01353801634696,250.95072573000826,39348000
2022-07-27,259.5262145996094,260.7912987697028,249.97530949726996,252.20610857407772,45994000
2022-07-28,266.9334411621094,268.31440733817266,258.6862220374482,260.5017720035202,33459300
2022-07-29,271.1148681640625,272.33167871252647,267.1457929503217,268.1791152582621,32152800
2022-08-01,268.478515625,271.63639399506593,266.38290049065427,268.2950273632756,21539600
2022-08-02,265.3979187011719,268.3626721126067,263.0415707195236,266.5374558232472,22754200
2022-08-03,272.78558349609375,273.7802690088794,267.12647689627147,267.2713577584934,23518900
2022-08-04,273.92510986328125,274.0699612486414,270.56443983776984,272.13853085373546,18098700
2022-08-05,273.21051025390625,273.9251301220604,269.1255240569013,269.5794114121241,16774600
2022-08-08,270.7093200683594,276.11733164460054,269.74360476800535,274.31141927705306,18739200
2022-08-09,272.62139892578125,273.3746556298809,268.09219211802474,270.05262233660574,23405200
2022-08-10,279.2461853027344,279.8738942312327,277.10229657539446,278.2901367727336,24687800
2022-08-11,277.1795349121094,281.22588350260514,276.6870402559907,280.8782402159332,20065900
2022-08-12,281.90185546875,281.90185546875,277.1022509734553,278.5894602530445,22619700
2022-08-15,283.408447265625,284.09409682100915,280.1636287959346,281.02312948938925,18085700
2022-08-16,282.6745300292969,283.95894794046416,280.46306311134526,281.9792138029151,18102900
2022-08-17,281.9293212890625,283.8938831580585,280.1389500408416,280.4002359720042,18253400
2022-08-18,280.81640625,282.5003080383182,279.76151632304703,280.8357509194147,17186200
2022-08-19,276.9259033203125,279.9259802339088,276.3549256082349,279.5872566328216,20570000
2022-08-22,268.7967834472656,273.3549492553272,268.2838690742468,272.98719375507784,25061100
2022-08-23,267.52899169921875,269.8709667468448,266.5225077065828,267.52899169921875,17527400
2022-08-24,266.8999328613281,268.29351690361904,266.24183017802443,266.5321774149117,18137000
2022-08-25,269.86126708984375,270.02577059536407,265.67082824168347,268.3902454376077,16583400
2022-08-26,259.4480895996094,271.3032096749944,259.34164963640063,270.08381644498274,27549300
2022-08-29,256.6802673339844,258.7803004011994,255.34474719082542,257.2802767817601,20338500
2022-08-30,254.4932098388672,258.44167876709264,252.25767464216207,258.0739528081768,22767100
2022-08-31,253.04153442382812,258.4997140694314,252.90603313757336,256.835186498961,24791800
2022-09-01,252.00599670410156,252.4802216307378,247.1768588698768,250.5253174553684,23263400
2022-09-02,247.805908203125,256.20610147316614,246.26716536821394,253.26411708214042,22855400
2022-09-06,245.08648681640625,249.51883753175827,243.8187170261839,247.9414053865417,21328200
2022-09-07,249.77047729492188,250.48661397846638,245.0574662441124,246.48975437812405,24126700
2022-09-08,250.18658447265625,252.03501907292284,246.57682534056357,249.2091619552673,20319900
2022-09-09,255.93516540527344,256.68036347856776,251.89960123552532,252.10282364921977,22084700
2022-09-12,258.05450439453125,258.82873403398463,256.6125441459456,257.2125536578714,18747700
2022-09-13,243.8671112060547,252.00600375133774,243.47999634028216,250.49629269213037,33353300
2022-09-14,244.08970642089844,246.03490888980133,241.80578027171973,245.3574762961727,23913000
2022-09-15,237.4701690673828,243.29610345654862,236.15400813965698,241.71865662350373,31530900
2022-09-16,236.85081481933594,237.3927608644155,234.25719690326952,236.38627698047728,39791800
2022-09-19,236.6378936767578,237.23790323040416,233.0861980227324,234.65397254260654,26826900
2022-09-20,234.63462829589844,235.66045686379198,231.91521092748422,234.26688762643548,26660300
2022-09-21,231.24746704101562,239.67670753574686,231.19907583276708,236.3959844466539,28625600
2022-09-22,233.2120361328125,235.99920442354707,229.91196827312697,230.2022859976419,31061200
2022-09-23,230.25067138671875,233.35720386281167,227.61834912688556,231.81844612716222,34176000
2022-09-26,229.7957763671875,233.6668360314633,229.26350270996545,229.40867630752822,27694200
2022-09-27,228.7893524169922,234.00560575138226,226.94091751914982,232.24426616908045,27018700
2022-09-28,233.29913330078125,234.51851197700628,227.16349151340208,229.1764446378298,29029700
2022-09-29,229.8441925048828,232.21521385312766,226.853802133828,231.18938529349765,27484200
2022-09-30,225.39248657226562,232.78621136819163,225.2279682767935,230.608739886535,35694800
2022-10-03,232.979736328125,233.8216870981845,227.09572373714803,227.82154744014306,28880400
2022-10-04,240.85740661621094,242.2896949710186,237.08311349306132,237.18956825525868,34888400
2022-10-05,241.1670379638672,242.5025584054372,236.23144526431753,238.06052054576585,20347100
2022-10-06,238.834716796875,242.27028548507374,238.1476119193884,239.9379683013216,20239900
2022-10-07,226.6892852783203,233.54106344265196,225.65376961113512,233.13458913635256,37769600
2022-10-10,221.860107421875,226.99893677306147,219.42133569410282,225.53761706316808,29743600
2022-10-11,218.14393615722656,221.67627288848584,216.88583856563983,220.28268877269275,30474000
2022-10-12,218.4729766845703,220.51496168634117,216.74068361052014,218.13425298449135,21903900
2022-10-13,226.6892852783203,228.48932881951694,212.0663551272384,212.76314712814823,42551800
2022-10-14,221.19239807128906,229.59260716664147,220.97948855910087,227.9473946148374,30198600
2022-10-17,229.87322998046875,231.25714167375685,227.5602721133645,228.21836002283007,28142300
2022-10-18,230.8119659423828,236.06692311030656,227.78285659055385,235.39917762563184,26329600
2022-10-19,228.8570556640625,231.88616474151667,226.73764801989628,229.39900168382854,19985700
2022-10-20,228.5376739501953,233.53134435033044,227.29893606647624,228.1699333317577,21811000
2022-10-21,234.3152618408203,235.16689978355862,226.9408971162325,227.17316603704901,26299700
2022-10-24,239.27993774414062,239.85091564909408,233.521737948981,235.90243199234686,24911200
2022-10-25,242.5800018310547,242.94774252500142,237.9056946583769,239.28959165367502,34775500
2022-10-26,223.86338806152344,230.6183830586996,222.6439948132426,223.71821446357913,82543200
2022-10-27,219.4407196044922,226.15701124638468,218.50198634809382,223.5924250678105,40424600
2022-10-28,228.2667236328125,228.97320270821285,218.76327910286216,218.94715681380413,40647700
2022-10-31,224.6472930908203,227.34735093033876,223.69887276321543,226.22473999169745,28357300
2022-11-01,220.81492614746094,228.14091388312903,220.00200713618008,227.03766243441322,30592300
2022-11-02,213.00509643554688,223.8440621960301,212.94701812750728,222.06337802281334,38407000
2022-11-03,207.34364318847656,213.30507890075714,207.08234251389777,212.9953870246754,36633900
2022-11-04,214.25347900390625,214.44702903809562,206.5500636010322,210.53726518655444,36789100
2022-11-07,220.52462768554688,221.04722910682952,214.1470592473895,214.8341789629505,33498000
2022-11-08,221.4923553466797,224.18274067732156,218.56002878294467,221.32783708020688,28192500
2022-11-09,217.27294921875,221.2601516912574,217.09875857930578,220.04075814745045,27852900
2022-11-10,235.1475067138672,235.48623032907634,227.4247470961484,227.8408789069686,46268000
2022-11-11,239.14442443847656,239.99606241623323,234.1313937515766,235.15723711883936,34620200
2022-11-14,233.76365661621094,236.0475827819004,231.49908988674315,234.1894756115481,31123300
2022-11-15,234.1701202392578,239.03797746539766,232.2926536001012,237.74117578758222,31390100
2022-11-16,234.5971221923828,236.60604855552322,233.3257795259496,235.62584176038104,24093300
2022-11-17,234.54855346679688,236.07223336578542,230.6180718084606,230.7636397185708,23123500
2022-11-18,234.10215759277344,236.547802374884,231.97677705188883,236.32457848011174,27613500
2022-11-21,234.90768432617188,237.45036963154155,234.07306028423957,234.3059689787537,26394700
2022-11-22,237.79974365234375,238.07148033059326,233.6072243246812,236.40223227361014,19665700
2022-11-23,240.2744903564453,240.9538320187203,237.06216314669393,237.87737314142396,19508500
2022-11-25,240.18714904785156,241.36143645953254,239.44956540890726,240.01245273021934,9200800
2022-11-28,234.626220703125,239.37192761122702,233.69455635778226,238.81875468278062,24778200
2022-11-29,233.23843383789062,235.6258367832805,231.18099474535325,234.27685297681788,17956300
2022-11-30,247.6114044189453,247.79580032500542,232.78228328422537,233.47133933183883,47594200
2022-12-01,247.17474365234375,248.56254085550358,243.51598268535938,246.37893267345208,26041500
2022-12-02,247.4949493408203,248.50425481236772,242.32222362886404,242.44839236600893,21528500
2022-12-05,242.81719970703125,246.3303923254423,240.74034652754588,244.57378861196725,23435300
2022-12-06,237.88711547851562,244.42824022156898,236.5866590901244,243.41893454319344,22463700
2022-12-07,237.15921020507812,238.89639979977625,235.0629579890975,237.60564320065706,20481500
2022-12-08,240.09979248046875,241.4002634352855,235.88785939315616,237.61533452681962,22611800
2022-12-09,238.17823791503906,240.98296029845363,236.95542284837845,237.47948221736485,20609700
2022-12-12,245.05902099609375,245.08813458227053,239.87659533709365,240.14833201376896,30665100
2022-12-13,249.33888244628906,256.13232821113195,245.60248135221084,253.96811982675712,42196900
2022-12-14,249.6300506591797,254.84158999041878,246.8059142850901,249.54270989920707,35410900
2022-12-15,241.6622772216797,246.6991345223688,240.04155689170804,246.23330237453274,35560400
2022-12-16,237.46975708007812,242.46778637167077,236.32456849542362,241.21585785298825,86102000
2022-12-19,233.35487365722656,237.9744265437408,231.6662265103739,237.6347483108368,29696400
2022-12-20,234.66505432128906,235.74230142731602,231.38478542376703,232.33586378495446,25150800
2022-12-21,237.21743774414062,238.37232600874938,233.02491849714485,234.55829818550004,23690600
2022-12-22,231.1615753173828,234.84944921071,226.96904125544336,234.14097913275145,28651700
2022-12-23,231.6856689453125,231.82153730213037,227.0370164148286,229.14298334977545,21207000
2022-12-27,229.9678955078125,231.87975199416192,228.87123430992634,231.65654287895535,16688600
2022-12-28,227.6095733642578,232.64643111207874,227.26019552023155,229.89993593986588,17457100
2022-12-29,233.89834594726562,234.7814975020751,228.69650658121392,228.69650658121392,19770700
2022-12-30,232.74346923828125,232.87933756720665,229.67671003277965,231.18097605137052,21938500
2023-01-03,232.5105438232422,238.4984794551215,230.39486293780934,235.90726682667218,25740000
2023-01-04,222.3397979736328,225.99854338319813,219.2924526600918,225.4259564644858,50623400
2023-01-05,215.75013732910156,220.83552222933494,215.21636361108918,220.49584400645332,39585600
2023-01-06,218.29283142089844,219.09834182718123,212.8774972822173,216.4197883428899,43613600
2023-01-09,220.41819763183594,224.41663581790868,219.72915641914315,219.76796959383623,27369800
2023-01-10,222.09716796875,224.48457072526574,220.62201553173728,221.0393201111181,27033900
2023-01-11,228.81297302246094,228.98765452783252,224.29047536414728,224.46515686951886,28669300
2023-01-12,231.4721221923828,232.821105949786,226.6681880812586,228.3180220940589,27269500
2023-01-13,232.17088317871094,232.30675151679418,227.98806347571494,230.00668936190732,21333300
2023-01-17,233.25782775878906,233.80130107166906,230.0940134168222,230.948051370512,29831300
2023-01-18,228.85179138183594,235.22793302598163,228.57035512507287,234.4418366169308,30028700
2023-01-19,225.08628845214844,228.57036731781892,223.8731729886452,226.8817052615486,28623000
2023-01-20,233.1316680908203,233.63632824749806,227.59015038517927,227.92982862321074,35389800
2023-01-23,235.4220428466797,237.93561455180438,232.57849247852556,233.98571827354252,31934000
2023-01-24,234.89793395996094,236.7515776821993,233.3451552696359,235.34436690365789,40234400
2023-01-25,233.51016235351562,236.1207891156233,224.08667522306712,227.5610395748184,66526600
2023-01-26,240.68209838867188,240.9829486422917,234.85914439539755,236.46045082013288,33454500
2023-01-27,240.83740234375,242.45812290706542,239.54664564896942,241.6429128288479,26498900
2023-01-30,235.54818725585938,238.35290934630353,235.0532267167277,237.2950615090347,25867400
2023-01-31,240.49771118164062,240.63357952072695,235.78111768401726,236.26636386768823,26541100
2023-02-01,245.29193115234375,247.65022035562143,238.22674832599188,240.68209268360533,31259900
2023-02-02,256.79229736328125,256.8796381260482,249.65917223320272,251.182852423541,39940400
2023-02-03,250.72671508789062,256.4041014975154,249.51359959938435,251.88160340231477,29077300
2023-02-06,249.19334411621094,250.67819643003182,247.26207355313863,249.84358711112344,22518000
2023-02-07,259.66497802734375,260.83926569165476,252.40568326679633,252.84241675056464,50841400
2023-02-08,258.8594055175781,268.5934414880708,258.354730598475,265.1384914873045,54686000
2023-02-09,255.8411102294922,265.8954232977321,255.0452996380718,265.72071221925097,42375100
2023-02-10,255.33657836914062,256.29735645047873,252.96857433969222,253.81289806172634,25818500
2023-02-13,263.3139953613281,266.49720913120274,259.26702917112374,259.742590569191,44630900
2023-02-14,264.138916015625,266.856282749665,261.33417890703004,264.62416219078045,37047900
2023-02-15,262.0276184082031,263.39944334315715,258.97262606555677,261.0546954493352,28922400
2023-02-16,255.0518341064453,259.5175484370859,254.80860328435423,256.87119590508456,29603600
2023-02-17,251.07257080078125,253.04760380497552,249.068351286821,252.36657534668234,30000100
2023-02-21,245.82847595214844,248.57212619836037,244.77771723097973,247.58946437392655,28397400
2023-02-22,244.6998748779297,247.45324893497764,243.5615566726842,247.2100181685843,22491100
2023-02-23,247.8716278076172,249.88557094928385,243.69777930306105,248.64023054148305,29219100
2023-02-24,242.471923828125,244.20372595601927,241.38225458242883,243.19189234867713,24990900
2023-02-27,243.386474609375,245.97445391978178,242.6373195783351,245.6242009691581,21190000
2023-02-28,242.66650390625,244.68046206564443,241.99518451978517,242.32598969202303,22491000
2023-03-01,239.60177612304688,244.13558648881542,239.1347623459425,243.9701913432016,27565300
2023-03-02,244.3107452392578,244.5928864350576,238.95966764159195,239.8742178244938,24808200
2023-03-03,248.37753295898438,248.69859936512998,244.58313878749726,245.36148024067188,30760100
2023-03-06,249.91476440429688,253.07676463691814,249.04886339595808,249.48667584365674,24109800
2023-03-07,247.26841735839844,250.71257368875254,246.5290010946981,249.36019623261095,21473200
2023-03-08,246.83058166503906,247.6478334867659,244.01883456634258,247.16137194826737,17340200
2023-03-09,245.48797607421875,252.53193017156482,244.76800759955387,248.8932070956166,26653400
2023-03-10,241.8589630126953,245.9452372856859,240.89577859254197,244.2815470078051,28333900
2023-03-13,247.04464721679688,250.92661597294014,239.0764041542882,240.7011840514009,33339700
2023-03-14,253.7286376953125,254.00105499083594,248.93211882541823,249.79801983882402,33620300
2023-03-15,258.2527160644531,259.26456442561187,252.19139432118732,252.9405641280701,46028000
2023-03-16,268.7213439941406,269.0715820217102,256.1511657925528,258.0289000532813,54768800
2023-03-17,271.8638916015625,275.6582857099673,268.83811504692954,270.72558821466924,69527400
2023-03-20,264.8589172363281,269.96676449553627,262.5433550615518,269.48030285180215,43466600
2023-03-21,266.36688232421875,267.5538496813645,262.2222204606799,267.43710366119547,34558700
2023-03-22,264.917236328125,273.43031336043435,264.81019934883693,265.9971667055635,34873300
2023-03-23,270.141845703125,273.44977847868375,267.7484630649204,270.41426299778846,36610900
2023-03-24,272.97308349609375,273.03145651581804,267.8263111878216,269.7332324450906,28172000
2023-03-27,268.896484375,273.8389205347129,268.0597550905618,272.90492269572303,26840200
2023-03-28,267.7776794433594,268.6630431725957,264.6837609123016,268.3225140934646,21878600
2023-03-29,272.9146728515625,273.527619165426,270.8715283691032,271.4066242065595,25087000
2023-03-30,276.35888671875,276.7577888855536,273.85849608435973,276.53403550043777,25053400
2023-03-31,280.4937744140625,281.4375111990139,275.33729282077917,276.04753751584985,32766000
2023-04-03,279.4527587890625,280.4645776022263,276.2615716824238,278.7619618964318,24883300
2023-04-04,279.40411376953125,282.5855920494944,277.93501973662194,279.4527777506129,25824300
2023-04-05,276.64093017578125,279.37484150873803,275.25939610333745,278.1100534490355,22064800
2023-04-06,283.70440673828125,284.17139086476425,274.39352473015583,275.5415669627722,29770300
2023-04-10,281.55419921875,281.7585047337455,277.0008970457906,281.37905051464327,23103000
2023-04-11,275.1717834472656,278.2365144767618,274.01403245876395,278.0127315105797,27276600
2023-04-12,275.8139953613281,279.23870411334195,274.32542401576865,277.0788133677007,27403400
2023-04-13,281.9920654296875,282.05043844818863,275.5026841124763,275.91129524198396,24222700
2023-04-14,278.3922424316406,280.66887902365164,276.00856885442937,279.22894208294247,20987900
2023-04-17,280.980224609375,283.70442754241606,278.4117226515916,282.0796326398558,23836200
2023-04-18,280.5618896484375,283.86011391519935,279.23872820102855,283.67525611133146,20161800
2023-04-19,280.6396789550781,281.22340905975057,276.8355460862607,278.2462667608946,17150300
2023-04-20,278.3630676269531,281.2040166915489,277.3609578281469,277.5263678512321,23244400
2023-04-21,278.0224609375,278.51863143275347,275.3955571976247,277.2927687532292,21676400
2023-04-24,274.1405944824219,277.2345132199959,271.173190218911,274.4519370721957,26611000
2023-04-25,267.9625549316406,273.97521394741574,267.9138909506877,271.9418077634244,45772200
2023-04-26,287.3722839355469,291.4585727273819,284.8037824567908,288.6662882525056,64599200
2023-04-27,296.576171875,296.9361784067996,287.2555804982626,287.95608640380885,46462600
2023-04-28,298.9403991699219,300.56516432614853,295.0973405603856,295.77839869337646,36469600
2023-05-01,297.286376953125,300.2440714597597,296.887474923344,298.65820207273595,21294100
2023-05-02,297.1405029296875,300.8084130116415,295.6811180076152,299.42687857918656,26404400
2023-05-03,296.15777587890625,300.25377368049993,295.85617210321027,298.31766627691815,22360800
2023-05-04,297.1405029296875,299.42687857918656,295.1849176329067,297.9480161890788,22519900
2023-05-05,302.2385559082031,303.5228215296377,296.03130176252597,297.4420521379096,28197100
2023-05-08,300.2926940917969,301.80074263730194,297.80201345372643,301.73263089775384,21318600
2023-05-09,298.6873779296875,301.6450723308815,298.0160586463366,299.66030098483304,21340800
2023-05-10,303.8536376953125,304.52495706862396,299.33928955394174,300.2635487654328,30078000
2023-05-11,301.7131652832031,302.6958271056149,297.9674351385275,301.7034562423544,31680200
2023-05-12,300.6040344238281,302.2385380136494,298.2982115576061,302.1412397708911,19774700
2023-05-15,301.080810546875,301.50889913783726,299.26144888091557,300.7305724404115,16336500
2023-05-16,303.2991027832031,305.21576288918396,301.4408157004491,301.4408157004491,26730300
2023-05-17,306.16571044921875,306.5849748220485,302.98703781876026,304.49838322404014,24315000
2023-05-18,310.5728759765625,311.07992095632784,305.892648471435,306.68243649097326,27276000
2023-05-19,310.3974609375,310.79723506942764,308.47661095325554,308.8373747474863,27546700
2023-05-22,313.1665344238281,314.54135841802827,310.0756427593572,310.6509186565906,24115700
2023-05-23,307.394287109375,314.66815212283035,307.3845270869392,312.04526511786804,30797200
2023-05-24,306.0195007324219,308.6033777226254,304.8104182916671,306.8775496399996,23384900
2023-05-25,317.7882995605469,318.7438294879401,312.0159906409768,315.1751430242443,43301700
2023-05-26,324.5844421386719,325.0816974555801,315.79923121389265,315.93572275471354,36630600
2023-05-30,322.9463195800781,327.3632951279749,322.2735326633113,326.866039835357,29503100
2023-05-31,320.19671630859375,327.5583326539221,319.16313582793106,323.99940574363865,45950600
2023-06-01,324.2821350097656,325.2084444667975,316.6182558412687,317.7980580790412,26773900
2023-06-02,327.03173828125,329.07934907114736,324.2528400489723,325.9104368208326,25873800
2023-06-05,327.5583190917969,330.11294548453895,326.31025620693947,326.8562818593042,21307100
2023-06-06,325.35467529296875,327.00251216553283,323.8823700342451,326.9635018339944,20396200
2023-06-07,315.3116760253906,326.1444673202271,314.45362725824225,323.37532887108034,40717100
2023-06-08,317.14483642578125,318.49041045789704,315.28248697978324,315.85776302496004,23277700
2023-06-09,318.6365966796875,321.75673881470783,316.3159729270914,316.8814888323344,22529000
2023-06-12,323.57037353515625,323.8141360540533,317.0472861489783,320.3819407440362,24260300
2023-06-13,325.9494934082031,328.5723804542734,322.1468041193806,326.12499527780267,22951300
2023-06-14,328.92333984375,330.5809366273575,324.5063648507166,325.99819005349843,26003800
2023-06-15,339.4148864746094,341.11146383028944,328.7868481922745,329.0598609823398,38899100
2023-06-16,333.7888488769531,342.70082003895476,333.41835487715986,342.5545684921727,46552000
2023-06-20,329.61566162109375,333.54511218147553,327.48029960440283,330.84423422142726,26375400
2023-06-21,325.2377014160156,329.3036733312241,323.784886322757,327.9775897528391,25117800
2023-06-22,331.2342529296875,331.6340270315193,325.0231887076145,325.783726576518,23556800
2023-06-23,326.6612548828125,329.5279043913859,325.13044892910204,326.01771828331994,23146900
2023-06-26,320.4014587402344,327.72406452687306,320.29418775939905,325.39371033432894,21520600
2023-06-27,326.2225036621094,327.7630696544983,321.08397083431,323.5800965917035,24354100
2023-06-28,327.4705810546875,329.5474425224492,325.48147052492266,326.31026905867196,20259500
2023-06-29,326.6904296875,327.7239801143058,324.3210657707373,326.358916320049,16997000
2023-06-30,332.0436096191406,334.17897197737386,328.7869454612738,329.3232111787856,26832800
2023-07-03,329.5571594238281,332.394558661991,328.1726050055835,330.727231395335,12508700
2023-07-05,329.7131652832031,333.12584042536054,326.3785108077479,326.7295145394102,18172400
2023-07-06,332.7553405761719,334.432427956872,327.1293121494876,328.88439044633213,28161200
2023-07-07,328.8063659667969,333.26235165945616,328.5918537740865,330.8539769415479,21214800
2023-07-10,323.55078125,326.8659745717447,319.41657937452953,326.2516884002901,32791400
2023-07-11,324.1749267578125,324.5551808456817,318.84140121091826,322.8001024662545,26698200
2023-07-12,328.7868347167969,333.12578887236407,327.29500957576835,328.2017988317313,29995300
2023-07-13,334.11065673828125,335.16369770913235,330.56146024108614,331.0879956045949,20567200
2023-07-14,336.626220703125,342.66178201390807,335.71943143019837,338.91759393807007,28352700
2023-07-17,337.10406494140625,338.33260777182664,333.66213945063294,337.0552945851425,20363900
2023-07-18,350.52069091796875,357.62881326178683,333.63284869185065,337.20150526147,64738600
2023-07-19,346.2207336425781,353.4166072525743,343.64661716979606,352.72433009882633,39732900
2023-07-20,338.21563720703125,349.03869970926394,336.75306199743676,344.7484850456873,33778400
2023-07-21,335.1929931640625,341.56006971565506,331.35129303428135,340.4387679481885,69405400
2023-07-24,336.4995422363281,338.2644103795848,333.7694137248581,337.22109957992086,26678100
2023-07-25,342.22308349609375,343.11038262849917,336.4605340248674,338.4496147386664,41637700
2023-07-26,329.3426513671875,336.0705206538034,324.79891447113727,332.92109821610006,58383700
2023-07-27,322.468505859375,332.8137710712754,320.8401594248719,331.98500245672983,39635300
2023-07-28,329.92767333984375,331.52676966933615,324.8574310459994,325.3449560601863,28484900
2023-07-31,327.5387878417969,329.2743755389443,325.04263262807757,328.51383777853505,25446000
2023-08-01,327.9483337402344,330.093455775555,325.374217054016,326.8270321220212,18311900
2023-08-02,319.328857421875,325.3059183538415,318.2172862001048,325.3059183538415,27761300
2023-08-03,318.5097961425781,321.64945793431025,317.8175190621743,317.86625965352187,18253700
2023-08-04,319.6018981933594,326.7782818997198,319.0753628445266,323.5996092744747,23741500
2023-08-07,321.87371826171875,322.84876819218033,319.3483425125627,320.1771409046875,17741500
2023-08-08,317.9150695800781,320.5477167225477,314.9411787114309,318.802368731708,22327600
2023-08-09,314.19036865234375,318.94858760325343,313.03978705069517,318.3245710835293,22373300
2023-08-10,314.8728942871094,320.0699275319088,313.16655676040074,317.8857952635295,20113700
2023-08-11,313.0008239746094,314.3658880842269,311.2457160426732,312.26953644201075,24355500
2023-08-14,315.9551696777344,315.97465996300735,312.09395075011946,313.37129346143496,18836100
2023-08-15,313.82958984375,316.9790121676308,312.89355014228914,314.9411611661193,16966300
2023-08-16,313.06744384765625,316.9954627703804,312.4811692512175,313.4582836388938,20698900
2023-08-17,309.6280212402344,314.50381263909213,308.9733414603899,313.20426358487214,21257200
2023-08-18,309.2371826171875,311.0936940527994,304.4199858602723,307.29270464284144,24755000
2023-08-21,314.5135803222656,315.3831966115051,309.78435031765304,310.65396660689254,24040000
2023-08-22,315.0803527832031,318.61750272062665,314.1032382228466,318.0507893960546,16084600
2023-08-23,319.5164489746094,321.66611285256477,316.0574552143243,316.409231948521,21166400
2023-08-24,312.64727783203125,325.35954498918005,312.63749714645934,325.2325153533981,23281400
2023-08-25,315.5884094238281,317.91391657239774,311.5040487015702,314.11295718549064,21684100
2023-08-28,316.29193115234375,318.68584344960186,314.3572339791844,318.207066953983,14808500
2023-08-29,320.8941955566406,321.45115801127633,314.51363868595456,314.51363868595456,19284600
2023-08-30,321.2654724121094,322.262118428765,318.97902814860515,321.14822344769897,15222100
2023-08-31,320.2590026855469,323.33690686450706,319.30141990622377,321.6660497077852,26411000
2023-09-01,321.1384582519531,324.3922364479654,319.30147820313266,323.7278057381443,14942000
2023-09-05,325.91644287109375,327.1867092747721,321.13836974277154,321.47058500611996,18553900
2023-09-06,325.2618713378906,326.8056990885685,322.6236503266788,325.7504285755841,17535800
2023-09-07,322.35980224609375,325.45723807010125,321.49993683780025,323.7082248346301,18381000
2023-09-08,326.62005615234375,328.46681688735,321.9201377501079,322.5357246617766,19530100
2023-09-11,330.2060546875,330.67508035139593,327.7534879124914,329.5220626550476,16583300
2023-09-12,324.1772766113281,329.0824106320826,323.89393486766744,328.13460834601074,17565500
2023-09-13,328.36907958984375,329.141008354495,323.59100543664357,323.7277859536388,16544400
2023-09-14,330.94866943359375,333.0592103619418,328.8674109262189,331.38835303568044,20267000
2023-09-15,322.6626892089844,329.6783628105359,322.10572689470496,329.2093670251741,37679800
2023-09-18,321.52923583984375,322.83856545069517,318.8910152474716,320.29806225418173,16834200
2023-09-19,321.12860107421875,321.85168591600774,317.0833634746371,318.7053767522615,16505900
2023-09-20,313.428955078125,322.0471106852366,313.1749256275898,321.9689546587249,21436500
2023-09-21,312.21734619140625,317.9041588491349,307.79101939102566,311.9535360525413,35560400
2023-09-22,309.7550048828125,314.09339463566073,308.91467110299936,313.9663650092456,21447900
2023-09-25,310.2729187011719,310.39994834578414,307.7910397456029,309.34464808220946,17836000
2023-09-26,304.9964599609375,308.65085775757245,302.92495267803366,307.9180220612958,26297600
2023-09-27,305.6316223144531,307.1070447852302,302.6025617027996,305.1528159801847,19410100
2023-09-28,306.462158203125,308.26004502387354,302.36804670236813,303.87278132742597,19683600
2023-09-29,308.5238037109375,312.15866966951444,307.7714365238791,310.47803207965285,24147300
2023-10-02,314.4354248046875,314.5233913479347,307.96693177846345,309.0417636602757,20570000
2023-10-03,306.2178955078125,314.03481069195016,304.0877634575696,313.48759919542874,21033500
2023-10-04,311.660400390625,312.71570064039577,306.8139213204077,306.84323355961436,20720100
2023-10-05,312.05126953125,312.6571055637684,307.6933472507753,311.78745935358154,16965600
2023-10-06,319.7704772949219,321.65630098463043,309.06128169271835,309.3055602997531,25673600
2023-10-09,322.2718200683594,322.74081581096533,315.78376731682033,317.3178438029665,19891200
2023-10-10,320.8746032714844,323.52257487302114,320.1710797301385,323.38576454759857,20557100
2023-10-11,324.8123779296875,325.20321772099476,321.60744393030456,323.6300480505899,20063200
2023-10-12,323.5812072753906,325.99468102864705,321.1970457612764,323.00471335948436,19313100
2023-10-13,320.229736328125,326.19011074612195,318.8910644547027,324.7733126546174,21072400
2023-10-16,325.02734375,328.4472441018182,323.03402205271703,323.47370563502346,22158000
2023-10-17,324.4606018066406,325.8285559881701,319.91702585909127,322.0471280716989,18338500
2023-10-18,322.55523681640625,327.909834737972,320.7866620472197,324.8807739787621,23153600
2023-10-19,323.7375793457031,329.1703335138683,323.33695882729216,324.5485712503718,25052100
2023-10-20,319.1939697265625,324.32382025517603,318.0018889823848,324.1283854502297,25027700
2023-10-23,321.7833251953125,325.1152889172781,316.96615830256553,318.0214287466955,24374700
2023-10-24,322.96563720703125,324.24565474799095,320.1026990318568,323.71800459686386,31153600
2023-10-25,332.87359619140625,338.2770379621599,329.89337919706037,337.1240202368528,55053800
2023-10-26,320.3860778808594,333.81162115649903,319.4578072066944,332.7465699625012,37828500
2023-10-27,322.2621154785156,329.0139799295623,320.8843805209721,322.8679216685348,29856500
2023-10-30,329.5904235839844,331.6814625082959,324.2358264617481,325.7796837612077,22828100
2023-10-31,330.3721618652344,331.24180806391223,327.03044704898707,331.09524685603606,20265300
2023-11-01,338.1499938964844,339.46910432501784,331.8769062105877,332.01371654234873,28158800
2023-11-02,340.34844970703125,340.8467577077369,336.8796761567897,339.29314959662656,24348100
2023-11-03,344.7259826660156,346.2796209573482,339.3811651738514,341.62854640879175,23637700
2023-11-06,348.37060546875,349.3575005821622,345.2633887474612,345.36110615399525,23828300
2023-11-07,352.2790222167969,354.164845685057,349.44539667177366,351.17487827159056,25833900
2023-11-08,354.88800048828125,355.54265050853274,352.2986231921823,353.40276735497133,26767800
2023-11-09,352.4354553222656,356.4416310081341,352.1129908166349,354.00859546088725,24847300
2023-11-10,361.20989990234375,361.6300519453443,352.8067099465058,353.21708130319655,28042100
2023-11-13,358.2882995605469,360.03734267871334,357.52615152445077,359.79306407971893,19986500
2023-11-14,361.796142578125,363.4377174527681,358.9429851939613,362.5192275200011,27683900
2023-11-15,361.94305419921875,365.3307238214912,359.4365366374243,363.51938712911283,26860100
2023-11-16,368.3071594238281,368.48338982170065,362.4423444484434,363.2060393855787,27182300
2023-11-17,362.1192321777344,366.5447423144695,359.3287982048387,365.8006186204478,40157000
2023-11-20,369.5506286621094,370.95073116555085,363.24523724780994,363.4606399313925,52465100
2023-11-21,365.2719421386719,368.35609354646346,363.36268990163154,367.81760182816333,28423100
2023-11-22,369.95196533203125,371.85141671314506,367.13215998771045,370.0988239687809,23345300
2023-11-24,369.5407409667969,370.06946195265203,367.29862933432463,369.4428252465004,10176600
2023-11-27,370.69610595703125,372.68370265137486,368.33650717542696,368.9043706026068,22179200
2023-11-28,374.7006530761719,374.994370396148,370.25554172918464,370.4415726583984,20453100
2023-11-29,370.9311828613281,376.2672475889846,369.55065146948715,375.7385563254902,28963400
2023-11-30,370.9898681640625,372.1451961390215,367.6217700935787,370.5786340328009,30554400
2023-12-01,366.681884765625,370.2555853515813,363.5487602115402,368.884854564053,33040500
2023-12-04,361.4241027832031,361.79613477265366,355.3145134346435,361.3849305128498,32063300
2023-12-05,364.73345947265625,365.2817517868028,357.9776914107373,358.7903592232799,23065000
2023-12-06,361.0912170410156,366.3587674073999,360.33732257448145,365.7321604216408,21182100
2023-12-07,363.1962585449219,363.68580733396766,358.6630319776083,360.5331119373255,23118900
2023-12-08,366.40771484375,366.6328881744278,360.53312909562084,361.4828549867559,20154400
2023-12-11,363.5389099121094,363.8326571061726,358.44762055822775,360.7778775179064,27708800
2023-12-12,366.5545654296875,366.59373770012405,362.7164896784692,363.0983520859286,24838300
2023-12-13,366.54473876953125,369.74640682649743,363.0199816736299,368.16024372357776,30955500
2023-12-14,358.2811584472656,365.94750897813526,356.5187948133364,365.50690312981,43277500
2023-12-15,362.98089599609375,364.61597239957655,358.6238993402138,359.1819921925265,78502300
2023-12-18,364.86077880859375,365.20346900477807,360.97375945804686,361.7276838655909,21802900
2023-12-19,365.4580078125,365.4580078125,362.1094806161989,363.7249858043668,20603700
2023-12-20,362.87310791015625,368.17002893044344,362.7849927213884,367.1615597082987,26316700
2023-12-21,365.7321472167969,366.58395739776404,362.30530541678434,364.77262075610525,17708000
2023-12-22,366.7503967285156,367.3378613138971,364.91948884316713,365.86921479028837,17107500
2023-12-26,366.8287353515625,369.0610768362086,365.69297847275107,367.1616249726416,12673100
2023-12-27,366.2510986328125,367.2203958335403,365.0174259193831,365.8790367110042,14905400
2023-12-28,367.43572998046875,368.59105792655595,366.3391454974242,367.5238451750327,14327000
2023-12-29,368.1798095703125,369.2763939219654,365.6733225151966,368.14063730641556,18730800
2024-01-02,363.1179504394531,368.04281055620135,359.10364399056556,366.04544293017665,25258600
2024-01-03,362.85357666015625,365.45797986261033,360.8072662610182,361.2968150611858,23083500
2024-01-04,360.24920654296875,365.30135421024977,359.49531207816057,362.92215399405467,20901500
2024-01-05,360.06317138671875,364.28307999206555,358.8392992881915,361.25767175006894,21004600
2024-01-08,366.85809326171875,367.35744261436474,361.2968258961624,361.58074269539895,23134000
2024-01-09,367.93505859375,368.13086016631314,363.43120410921466,364.23407123187167,20830000
2024-01-10,374.7691345214844,376.139894907687,368.4539736551255,368.50291657762523,25514200
2024-01-11,376.59033203125,382.5138608324762,372.4291670394017,377.9316910243427,27850800
2024-01-12,380.3500061035156,380.55560821170843,376.6098464914054,377.43228480386114,21661200
2024-01-16,382.1124572753906,385.7938742722587,379.51785428757296,385.4316128958056,27202300
2024-01-17,381.32916259765625,381.9557695556543,376.7665639671979,379.87031666196907,22234100
2024-01-18,385.63714599609375,385.7546329209657,381.96553019541545,383.5320922463087,23392100
2024-01-19,390.33685302734375,390.33685302734375,385.2749052923237,387.48767542805655,29331100
2024-01-22,388.2220153808594,392.2460923450514,385.36303712070327,391.6586277842315,27016900
2024-01-23,390.56207275390625,391.03205041405533,385.6959559124731,387.47792092588605,20525900
2024-01-24,394.1455993652344,397.15143671668096,392.07971739462846,393.1469303877458,24867000
2024-01-25,396.40728759765625,398.5025710526844,394.1162025271926,395.8687958055948,21021200
2024-01-26,395.4869079589844,397.680107020746,394.0182614789132,395.9177133168471,17803300
2024-01-29,401.1558837890625,401.41045873539736,395.8785331996652,397.57238286313674,24510200
2024-01-30,400.0494689941406,404.41623575131524,397.9542157503529,403.64277019124665,33477600
2024-01-31,389.2696228027344,406.6388350866889,388.907361460185,398.45356335794276,47871100
2024-02-01,395.3400573730469,399.4718507500115,393.40143322301293,393.4308049580275,30657700
2024-02-02,402.6244812011719,404.02458347610695,395.1245906528018,395.3693650314836,28256700
2024-02-05,397.1709289550781,402.5657662041655,395.5456233801517,401.3320936868834,25352300
2024-02-06,397.0143127441406,399.44248577195293,394.48825385108364,397.39617518548,18382600
2024-02-07,405.39532470703125,405.64009909216526,398.8843320384044,398.92350430633786,22340500
2024-02-08,405.4541015625,406.8738050650789,403.90714046810643,405.3953580956046,21225300
2024-02-09,411.7594909667969,412.0238664464446,406.41362634312986,406.5702855474464,22032800
2024-02-12,406.5800476074219,411.94548291897434,406.0806983084005,411.76925253567924,21202900
2024-02-13,397.82696533203125,401.4985815288795,394.9582163813525,396.4758057908408,27824900
2024-02-14,401.672119140625,402.01544302317166,396.8460672009255,400.2792461565028,20401200
2024-02-15,398.7980041503906,401.31894521125486,396.5713534874336,400.3478557485238,21825500
2024-02-16,396.3457946777344,400.49504745207923,395.73763633762957,400.17133095818804,22296500
2024-02-20,395.10003662109375,396.76756266074034,390.4112964520626,395.5414273661721,24307900
2024-02-21,394.50164794921875,394.60956341609165,389.6363517174895,392.53004284668083,18518900
2024-02-22,403.7908935546875,404.9483581581281,400.7697091781749,402.3587758261095,27009900
2024-02-23,402.505859375,407.92046175721333,401.162019956702,407.73411674298126,16295900
2024-02-26,399.7593688964844,404.2911603614398,399.58278265548927,403.6045125913183,16193500
2024-02-27,399.70050048828125,400.5244598178457,396.13979878680874,400.2007433350152,14835800
2024-02-28,399.9358215332031,401.48564304281416,397.5816482579373,400.3870308433526,13183100
2024-02-29,405.74285888671875,406.2921650523384,398.1702468207432,400.8383181687279,31947300
2024-03-01,407.5673828125,407.93031407980567,403.0355914321904,403.41813008815376,17823400
2024-03-04,406.9984436035156,409.38204334564557,404.4480762959748,405.54668869062186,17596000
2024-03-05,394.96270751953125,406.3412493979287,392.99110225962716,406.056777618859,26919200
2024-03-06,394.4133605957031,397.4247558475786,390.7840183450358,395.27656457076307,22344100
2024-03-07,401.3288269042969,401.9565926355365,394.5605358436286,398.3664647487739,18718500
2024-03-08,398.4644775390625,402.5843034085502,396.6105469173114,400.17124800230863,18002200
2024-03-11,396.7969970703125,397.93485423983793,393.5992565104688,396.0515271512708,16120800
2024-03-12,407.3515319824219,407.6360037253644,399.02363143663507,399.83777202306123,22457000
2024-03-13,407.175048828125,410.19623327648054,403.59473945406836,410.1177737824093,17115900
2024-03-14,417.1017761230469,419.6521433696343,410.009799228429,412.21684262615895,34157300
2024-03-15,408.4698181152344,414.53182378938754,404.9091164524236,411.28501994441507,45079900
2024-03-18,409.35260009765625,412.6975005120342,405.8801768330178,406.3412048651448,20106000
2024-03-19,413.364501953125,413.61954764814055,407.61636469929994,409.8528340561438,19837900
2024-03-20,417.11163330078125,417.82767717758037,412.6288753346162,413.94328882066856,17860100
2024-03-21,421.1725769042969,422.5949058623587,419.0047780206844,421.62378632435974,21296200
2024-03-22,420.5545654296875,421.6531778067011,417.9355573407252,421.49625883993525,17648500
2024-03-25,414.7868347167969,419.2499850699005,413.5606994442316,417.12140106535213,18060500
2024-03-26,413.59991455078125,417.85705232022457,413.3056540804049,417.48430243445387,16725600
2024-03-27,413.3841247558594,416.34648660093063,411.0103437373624,416.33666794000516,16705000
2024-03-28,412.68768310546875,413.815721504757,411.11822405931304,412.92309148516256,21871200
2024-04-01,416.4642028808594,419.720825298805,414.15906261710444,415.856044584665,16316000
2024-04-02,413.3939208984375,414.3159769269491,409.86264567594,412.08929633397446,17912000
2024-04-03,412.4228515625,415.17920112214335,411.0888008867087,411.71659648353796,16502300
2024-04-04,409.9018859863281,420.48589287991564,409.5978068668824,416.87612828288866,19370900
2024-04-05,417.39599609375,418.3671154502644,410.33347586739825,411.9912129200493,16554800
2024-04-08,416.4838562011719,419.1225019527215,415.2184760981184,417.052799785157,14272400
2024-04-09,418.1415710449219,419.5736887198931,413.5705349702072,418.2985199584035,12496900
2024-04-10,415.1792297363281,415.93451830181,411.68719880938414,414.1296507389469,16216600
2024-04-11,419.7599792480469,421.1724892503074,414.29631416534033,417.6902776086561,17966400
2024-04-12,413.8451232910156,417.06250067629605,411.7557842388935,415.95406972864896,19253800
2024-04-15,405.74285888671875,418.6712210349568,405.53684662340567,418.45542004596757,20273500
2024-04-16,406.6648864746094,410.4119627811132,405.8311384974836,406.6550977488978,16765600
2024-04-17,403.97723388671875,410.8828360715611,402.4960529094379,409.2839508985917,15855500
2024-04-18,396.5517578125,404.02630364117994,396.23788993068626,402.7903496970384,21029900
2024-04-19,391.50006103515625,397.73865251494925,390.17582902876677,396.3163237053195,30565800
2024-04-22,393.3049621582031,395.1588931129713,388.1944385754191,392.44175811164087,20286900
2024-04-23,399.78875732421875,400.4067342721825,395.3648518176367,396.5223162949651,15734500
2024-04-24,401.25030517578125,404.5952057239604,399.01383568119996,401.7407592748994,15065300
2024-04-25,391.4216003417969,392.2553782643455,380.62179192671005,386.5072408836068,40586500
2024-04-26,398.5626525878906,405.1151126000372,398.0133463554319,404.30097191316094,29694700
2024-04-29,394.5703430175781,398.56264677395114,391.56876617151903,397.5130677635141,19582100
2024-04-30,381.8970031738281,394.4820730278576,381.74008419354954,393.8248513162942,28781400
2024-05-01,387.39990234375,394.05045900742965,382.85829240714,385.11436938308555,23562500
2024-05-02,390.2445068359375,392.29460134045365,387.11540734616494,390.0679505478797,17709400
2024-05-03,398.89617919921875,399.3768146946621,394.1878013235466,394.5997959874596,17446700
2024-05-06,405.6448059082031,406.02734455936377,398.61168058742396,400.9560656726651,16996600
2024-05-07,401.5249938964844,406.7532518204941,401.2797668251692,406.74343315845897,20018200
2024-05-08,402.7020568847656,404.3597941214035,398.9451617518151,400.3773092630151,11792300
2024-05-09,404.4480285644531,404.84038581124497,401.2895033351294,402.7314394166672,14689700
2024-05-10,406.8218688964844,407.44966453116945,403.93799631140473,405.0562460600837,13402300
2024-05-13,405.8213806152344,410.36299080631596,402.97675254945415,410.0294855785296,15440200
2024-05-14,408.6071472167969,409.5193847249845,403.69278719697195,404.1538152820149,15109300
2024-05-15,415.75115966796875,416.46852499785643,410.0418061194269,410.6608977071615,22239500
2024-05-16,413.6973876953125,418.05067177577746,413.0684896947791,414.49335406459187,17530100
2024-05-17,412.930908203125,415.5939858480529,410.7886784280323,415.2205635959117,15352200
2024-05-20,417.9720458984375,419.37726753163014,412.7147152549324,412.9309055053418,16272100
2024-05-21,421.6080017089844,425.46991744124085,417.4905802068074,419.4362626425402,21453300
2024-05-22,423.0622863769531,424.91956115828395,419.7310254046841,422.6397422694005,18073700
2024-05-23,419.60333251953125,426.08901063588814,418.0507151165833,425.4699189536125,17211700
2024-05-24,422.70855712890625,423.59296088139126,417.05816150216543,419.7900037534496,11855300
2024-05-28,422.86578369140625,423.35712243524114,419.2102222377172,422.1877338257991,15718000
2024-05-29,421.7357482910156,423.4750768037088,418.3160195321069,418.3160195321069,15517100
2024-05-30,407.4868469238281,416.9500050085169,407.0642728541054,416.9500050085169,28394500
2024-05-31,407.93896484375,409.5308977885728,397.50293332640854,409.5308977885728,47995300
2024-06-03,406.3568115234375,409.21640680558284,401.8365187640821,408.33200300435846,17484700
2024-06-04,408.8626403808594,409.22622626275023,402.58331667273,405.2856798357907,14348900
2024-06-05,416.6651306152344,416.73389525429343,409.0886648755249,410.5725176189358,16988000
2024-06-06,417.166259765625,417.9425834215114,413.2945078470223,416.6651146111646,14861300
2024-06-07,416.5078430175781,418.8957420228007,415.67256118761725,418.81714102196315,13621700
2024-06-10,420.45819091796875,420.66454478320344,416.5471539046789,417.3431202309482,13982900
2024-06-11,425.1849060058594,425.3224952545953,417.88361916349896,418.1096457911631,14551100
2024-06-12,433.4197692871094,435.7192312163597,425.74505981738713,427.7792095971262,22366200
2024-06-13,433.93072509765625,435.7093989946261,431.75901618030764,433.21338970261115,15960600
2024-06-14,434.9035949707031,435.4637283515464,429.15492551069684,430.68790003484014,13582000
2024-06-17,440.6031188964844,443.1286073434569,433.0856417971322,434.92324397820295,20790000
2024-06-18,438.6083068847656,442.3424996772447,437.18344238899346,441.9199255268032,17112500
2024-06-20,437.9793395996094,438.79494866589,433.62605582240985,438.56892206249415,19877400
2024-06-21,441.9886779785156,442.774807970896,438.77533339876635,439.63025801243765,34187100
2024-06-24,439.91522216796875,444.90721036131976,438.6770389987755,442.0082999216464,15913700
2024-06-25,443.1384582519531,443.60031790530934,439.01120049902784,440.4852168409384,16413400
2024-06-26,444.3274230957031,445.7424809709231,440.42619256271684,441.22215886891127,16507000
2024-06-27,445.0055236816406,448.2680202655606,443.94421515967235,444.3471165440364,14806300
2024-06-28,439.20770263671875,447.49166642517747,438.6770484115445,445.22168389223947,28362300
2024-07-01,448.8182678222656,449.44716577540373,437.9400216100097,440.8880538633733,17662800
2024-07-02,451.3240661621094,451.6286937509805,445.2609335286806,445.3494008831962,13979800
2024-07-03,452.788330078125,453.0339994689676,449.9484075142332,450.2530351597629,9932800
2024-07-05,459.4607238769531,460.2370475569388,451.01952711906966,451.6484251718753,16000300
2024-07-08,458.16351318359375,459.59824381659064,456.41434856608595,458.4681407863274,12962300
2024-07-09,451.57965087890625,459.23468742094946,450.0663190511327,458.9104170237532,17207200
2024-07-10,458.1734313964844,458.37978529575963,450.9114295315087,453.2305642637646,18196100
2024-07-11,446.823486328125,456.72886266734906,443.7280281074878,454.9600551032178,23111200
2024-07-12,445.693359375,448.45468069664645,442.8436006787632,446.459846610387,16324300
2024-07-15,446.09625244140625,449.33910606074033,443.61007966105154,445.4476817175394,14429400
2024-07-16,441.733154296875,446.430351284593,438.92271119875926,446.35175028412175,17175700
2024-07-17,435.8371276855469,437.14410559537976,431.5723108003405,434.92324477920374,21778000
2024-07-18,432.74169921875,436.9475578488645,426.8751131633182,436.6429302135875,20794800
2024-07-19,429.5381774902344,433.49839687991425,424.5167095108502,425.59766083378145,20940400
2024-07-22,435.2671813964844,436.898429671943,431.306992206013,434.1371082507153,15808800
2024-07-23,437.14410400390625,440.62279084734524,435.4244183311835,436.21054835742433,13107100
2024-07-24,421.4703674316406,433.8324669900576,420.18306232506063,432.82031037979385,26805800
2024-07-25,411.15228271484375,422.35480083589914,410.2777152857788,421.3721232816147,29943800
2024-07-26,417.9032897949219,421.49008700580964,410.04186903933714,410.9557819937685,23583800
2024-07-29,419.3379821777344,424.66407745687695,417.34314804369717,424.10394408211863,15125800
2024-07-30,415.59393310546875,421.6177202883819,410.1302192518137,420.3107725606888,32687600
2024-07-31,411.1031494140625,414.4737261342931,405.06949500365346,413.2159000993034,42891400
2024-08-01,409.8846130371094,420.05533154219523,405.9342601346404,413.50088916463085,30296400
2024-08-02,401.4139099121094,407.81114983489476,397.3358044115477,405.3446197900361,29437900
2024-08-05,388.3050231933594,394.09300828762184,378.90079195613237,382.4286307082766,40709200
2024-08-06,392.687744140625,398.6427974223072,391.59698650264767,393.07100276300895,24946500
2024-08-07,391.52825927734375,402.9764482057157,390.584897105225,401.561419942009,20650900
2024-08-08,395.71441650390625,398.82948747665125,393.01205329948556,395.4687471216862,20203000
2024-08-09,398.9866943359375,400.9815283942931,395.2918474526737,397.03117577316215,19276700
2024-08-12,399.7630310058594,401.6792641246606,397.23754263585204,400.008700380632,16762900
2024-08-13,406.83831787109375,407.7620371122612,402.475227409518,402.49487016333154,19414300
2024-08-14,409.638916015625,410.484034234621,405.30533476037385,407.61460282522484,18267000
2024-08-15,414.482421875,414.56116454959863,411.16483466760724,413.27153919674845,20752100
2024-08-16,411.9622497558594,414.787612725286,410.8104315549657,414.05913029915934,22775600
2024-08-19,414.97467041015625,415.19125033166955,409.9835081573214,412.4446299731582,15234000
2024-08-20,418.19378662109375,419.23729981689326,415.082955234779,415.14201975205145,16387600
2024-08-21,417.5440673828125,419.7689009161739,415.1616884163413,417.48497282390196,16067300
2024-08-22,409.08758544921875,420.1528076484466,408.16220140309326,417.7605748245769,19361900
2024-08-23,410.3083801269531,412.73996960606866,405.6814592418378,410.4954277824997,18493800
2024-08-26,407.0597229003906,410.79079224794975,404.9431639983374,409.89494023874727,13152800
2024-08-27,407.4042663574219,407.9161688910183,403.8700989564779,406.43949576869113,13492900
2024-08-28,404.2146301269531,408.5461982686738,400.97578558888256,408.4280692350888,14882700
2024-08-29,406.6954650878906,415.4865852646763,404.2146650393698,408.48716903331825,17045200
2024-08-30,410.6529846191406,410.9975176628722,405.72088654420793,409.1369250633482,24308300
2024-09-03,403.0726623535156,413.3503087826454,400.7001374742272,411.41094371784055,20313600
2024-09-04,402.54107666015625,404.8446830658677,398.0815251485243,399.59758459335677,15135800
2024-09-05,402.03900146484375,406.67574622741506,399.8141378862011,401.28095677141835,14195500
2024-09-06,395.4530334472656,404.26383081056673,394.5670056307313,402.6985610672717,19609500
2024-09-09,399.4105224609375,402.2949499033103,395.89603343829765,400.9068736495872,15295100
2024-09-10,407.7586364746094,409.8554868302287,401.3597203496137,401.8519446669211,19594300
2024-09-11,416.4612121582031,417.39642045511704,403.2105102076021,409.03846009013733,19266900
2024-09-12,420.359619140625,420.7238603737511,413.22236565404535,416.7270008247058,17395700
2024-09-13,423.89373779296875,425.1144444971336,418.84351144501346,419.2077526362247,15874600
2024-09-16,424.6321105957031,426.7880557127787,421.5606353721957,423.90362815097126,13834700
2024-09-17,428.3828430175781,434.9786612819886,425.54762597309116,433.3838592052121,18874200
2024-09-18,424.11029052734375,429.2491133188561,423.71651710377296,428.23513248274287,18898000
2024-09-19,431.8677673339844,434.63406555161,430.10559589287107,434.3682752397946,21706600
2024-09-20,428.5009460449219,432.409208323067,427.4672869965637,430.4206328981448,55167100
2024-09-23,426.76837158203125,429.67247726227924,423.6968964015023,427.52638627626743,15128900
2024-09-24,422.4958801269531,426.61086866115505,419.4736152765213,426.26630559260894,17015800
2024-09-25,425.39007568359375,426.38437839634133,421.9051492250097,423.1455340479856,13396400
2024-09-26,424.60260009765625,428.53054110869147,422.45650897162153,428.32381527731917,14492000
2024-09-27,421.3637390136719,425.1341945131492,420.82230422369577,424.8093096047705,14896100
2024-09-30,423.6082763671875,423.7264354508624,418.75495134014767,421.55078212730024,16807300
2024-10-01,414.1477355957031,421.81659955830685,412.2969671899716,421.78706729834266,19092900
2024-10-02,410.64306640625,416.2445815766932,410.22958475813624,416.0082934736332,16582300
2024-10-03,410.062255859375,413.02542591560956,407.84724636027164,411.1353013004486,13686400
2024-10-04,409.5896911621094,413.2223089798081,408.5166457695598,411.7357819472086,19169700
2024-10-07,403.1711120605469,410.6233655735784,402.6395013728588,409.5306419831522,20919800
2024-10-08,408.26068115234375,409.19591936395466,401.82240877121177,404.50993429186275,19229300
2024-10-09,410.96795654296875,413.8425600403991,407.857094965171,409.3928325735408,14974300
2024-10-10,409.3731689453125,410.8596961873674,406.7249993762307,408.7726696220669,13848400
2024-10-11,409.845703125,410.64310419410805,406.82343830885475,409.66850956364067,14144900
2024-10-14,412.621826171875,417.4456186019399,411.02699410502277,411.27310627026066,16653100
2024-10-15,412.2279968261719,415.90985501650863,408.80213492837686,415.61450241094855,18900200
2024-10-16,409.6488037109375,409.88506179410496,404.0965284555642,408.7135954364056,15508900
2024-10-17,410.2394714355469,415.9295838303706,409.127039576057,415.7917465890575,14820000
2024-10-18,411.65704345703125,413.1238623045801,409.7865970653071,410.6529166681237,17145300
2024-10-21,412.26739501953125,412.4445885621628,407.3156196249642,409.64875806524304,14206100
2024-10-22,420.8616943359375,423.88392916296095,411.53896348036403,411.9819473916582,25482200
2024-10-23,417.9969177246094,424.37612597688815,415.95910173602493,424.1595460644349,19654400
2024-10-24,418.1249084472656,419.35546932603506,415.83112614516494,418.7155536346828,13581600
2024-10-25,421.49169921875,425.7937351729216,419.9362835126177,420.1233311665373,16899100
2024-10-28,419.9559631347656,425.2227696357769,419.670464602579,424.9471252042487,14882400
2024-10-29,425.2326354980469,426.4336641349943,419.1782518516455,421.34405104712135,17644100
2024-10-30,425.8035888671875,431.68074872313076,425.3802831426112,430.6372355196224,29749100
2024-10-31,400.03076171875,409.6882017012257,399.9815212546983,408.9006246633273,53971000
2024-11-01,403.98822021484375,409.0384470027673,401.162857168779,402.6493843637014,24230400
2024-11-04,402.1078796386719,404.0374205874987,399.26283871579096,403.42703719981586,19672300
2024-11-05,405.06121826171875,408.4477238969609,401.7337771398714,402.0192756499378,17626000
2024-11-06,413.6456604003906,413.91148078515863,404.13588205792996,406.0063586804049,26681800
2024-11-07,418.8139343261719,420.21186446909593,413.3502569572683,414.7284789019211,19901800
2024-11-08,415.96893310546875,419.8673412736044,415.22074253188157,418.70569909892066,16891400
2024-11-11,411.5094299316406,418.20366938728347,409.5306783384117,415.94927334689254,24503300
2024-11-12,416.4513244628906,417.8394007087299,410.71200186963034,411.7456609678349,19401200
2024-11-13,418.58758544921875,422.65333320998997,411.70626883397995,415.0829505962656,21502200
2024-11-14,420.2513122558594,421.51140536702854,413.4684464166278,418.39068982634956,30246900
2024-11-15,408.54620361328125,416.2248913266483,407.2073678244848,413.2912534776132,28247600
2024-11-18,409.2944030761719,411.8933320342017,405.6913172118432,408.4182293083614,24727000
2024-11-19,411.2928161621094,411.4404774532615,405.149836063281,406.6855735772408,18133500
2024-11-20,409.0285949707031,410.8006207181085,404.19494808048387,410.38713903081657,19191700
2024-11-21,407.2628479003906,414.07900747535325,404.71789987463876,413.8028113322242,20780200
2024-11-22,411.3367919921875,411.73135363774225,405.4774597411712,405.7832472742104,24814600
2024-11-25,413.1025085449219,415.36138685697927,409.21601445717323,412.698073057269,27691100
2024-11-26,422.17755126953125,423.21330950979313,413.161695275106,413.891635863064,23458900
2024-11-27,417.2454833984375,421.4279216336492,416.28865548862075,419.33668746447955,18332400
2024-11-29,417.7090148925781,419.1097432305611,412.1258792913512,414.384787411828,16271900
2024-12-02,425.1269836425781,427.11953971126485,415.58829615007085,415.84477479075025,20207200
2024-12-03,425.3439636230469,426.5967051479557,421.93093157664276,424.00241788094525,18302000
2024-12-04,431.4795227050781,433.69896602336337,426.7545660563865,427.1491277367897,26009400
2024-12-05,436.6088562011719,438.6211597736825,430.2464705000807,431.97270407918,21697800
2024-12-06,437.54595947265625,440.04159877439776,435.7703869006791,436.2931878578621,18821000
2024-12-09,439.9626770019531,442.2413029263077,434.51765390142566,436.5891402244184,19144400
2024-12-10,437.3091735839844,443.5137582543868,435.60268777878343,438.35480554213524,18469500
2024-12-11,442.89239501953125,444.23394093068583,438.01948123467236,438.01948123467236,19200200
2024-12-12,443.4546203613281,449.96499320791463,443.01071967285327,443.01071967285327,20834800
2024-12-13,441.1956787109375,445.2991859531554,439.5286279530639,442.34980235220513,20177800
2024-12-16,445.45703125,446.039014950384,439.23272866925197,441.19569319284585,23598800
2024-12-17,448.2880554199219,449.1068002031095,443.4644812477741,444.8849272856994,22733500
2024-12-18,431.44989013671875,446.50262602359174,431.08488976149135,445.19070178831043,24444500
2024-12-19,431.0947570800781,437.1612287919841,430.39440791706704,435.6224173363725,22963700
2024-12-20,430.6706237792969,437.7136411325363,422.80886164173944,427.22800034083093,64263700
2024-12-23,429.3389587402344,431.70635881030796,426.9518110200716,430.80871372187636,19152500
2024-12-24,433.3635559082031,433.6299083717355,428.2933766162313,428.74712104240933,7164500
2024-12-26,432.1601257324219,434.9517090842379,430.70024449975995,433.1169536147247,8194200
2024-12-27,424.68304443359375,429.30935275325726,420.5598195240772,428.69777768381334,18117700
2024-12-30,419.0604553222656,421.7435167493127,416.17025429217676,420.27376177490316,13158700
2024-12-31,415.77569580078125,420.9346790911402,414.94710727917607,420.313230174155,13246500
2025-01-02,412.8953552246094,420.2836558558519,409.21603069875914,419.7509810335182,16896500
2025-01-03,417.6005554199219,418.2713132207811,413.8423008464514,415.36136467137544,16662900
2025-01-06,422.0394287109375,428.42156165470556,419.70162020085996,422.1873855590837,20573600
2025-01-07,416.63385009765625,424.80139942668757,415.0851648128758,423.1738138555601,18139100
2025-01-08,418.7941589355469,421.1714329663283,415.81518360520914,417.7090917280971,15054600
2025-01-10,413.2603454589844,418.9420997125399,409.383695034764,418.8631994200863,20201100
2025-01-13,411.5242614746094,412.81646832203865,406.69081302742603,409.6007318390263,17604800
2025-01-14,410.0248718261719,414.03957499111027,405.14208486737954,412.1357932076061,16935900
2025-01-15,420.5203552246094,422.3353628905166,412.58953664498,413.43787278736687,19637800
2025-01-16,418.8138427734375,423.6571645662551,418.6264508238549,422.8779150872359,15300000
2025-01-17,423.20343017578125,428.57942688248704,422.3551241092644,428.1947089431654,26197500
2025-01-21,422.6806640625,425.0480643283389,419.8200541536477,424.3575888899967,26085700
2025-01-22,440.1402587890625,441.1957044539868,430.0787709144918,431.6175824572203,27803800
2025-01-23,440.6433410644531,440.6828062638951,435.50410512705025,435.9973147591307,18389300
2025-01-24,438.02935791015625,440.58418031954517,435.40547892407693,439.1144251755467,15549500
2025-01-27,428.6583557128906,429.2896784954125,417.74856099112463,418.2516444520013,35647800
2025-01-28,441.1266784667969,442.29064589853647,425.52151949148305,428.69779052094407,23491700
2025-01-29,436.32281494140625,440.81104060450724,434.41903300783486,440.62361853818396,23581400
2025-01-30,409.35406494140625,417.11717867451154,407.548931179693,413.08272804700266,54586300
2025-01-31,409.42315673828125,414.976701732093,409.27519987674,413.2899333042713,34161900
2025-02-03,405.33941650390625,409.7684293585694,403.11009933813943,406.0101743775102,25679100
2025-02-04,406.7696838378906,408.29865167160733,404.1753965052981,407.0853452090854,20532100
2025-02-05,407.67724609375,408.2098908482498,404.8264798311111,406.7500095317457,16316700
2025-02-06,410.1728210449219,412.5205034548323,408.37753095462284,408.37753095462284,16309800
2025-02-07,404.1852722167969,412.96439718513943,402.5576865372201,410.82388435232116,22886800
2025-02-10,406.6217346191406,409.81772327895646,405.3394016663598,408.0914896331453,20817900
2025-02-11,405.85235595703125,406.8880841725034,403.74140422239867,404.0768132724711,18140600
2025-02-12,403.48492431640625,405.17169274595005,398.8783333348811,401.67976029438313,19121700
2025-02-13,404.96453857421875,405.4182829681306,400.8412835235649,401.4726062482461,23891700
2025-02-14,402.8831787109375,403.3566707547541,400.3678218416371,402.25188608897315,22758500
2025-02-18,404.0767822265625,405.0237362453633,400.9794114377888,402.4590402622825,21423100
2025-02-19,409.1370849609375,409.8473079963777,402.11378500109834,402.34067225656025,24114200
2025-02-20,411.3016662597656,414.4447616167347,407.75332449561745,410.47141636340496,23508700
2025-02-21,403.47357177734375,413.1993956224997,403.15730762956775,412.4976421272199,27524800
2025-02-24,399.3124084472656,404.62009578289485,394.6867174896375,403.7700887978409,26443700
2025-02-25,393.283203125,397.25657880262406,392.09714469383994,396.44608593506547,29387400
2025-02-26,395.09197998046875,398.9170718958632,389.6755530638089,393.3919357776839,19619000
2025-02-27,387.9754943847656,401.0322110218146,387.61968592381214,396.61407498406965,21127400
2025-02-28,392.3836975097656,393.01628603943124,382.0846181303036,388.1039519665842,32845700
2025-03-03,383.9823913574219,394.1925506012372,381.6794393165997,394.1925506012372,23007700
2025-03-04,384.1009216308594,388.02485870202906,376.5792353713358,378.9513820023961,29342900
2025-03-05,396.3669738769531,397.0094560898268,384.2986543499986,384.822503579622,23433100
2025-03-06,392.284912109375,397.4838599812305,388.12373889118527,389.7051801734712,23304600
2025-03-07,388.7464904785156,390.21919261692045,381.06665528777256,387.76798692760104,22034100
2025-03-10,375.7490234375,381.9166113327009,372.8431337183802,381.3631114017718,32840100
2025-03-11,376.03570556640625,381.5212976511773,372.53677123025375,374.6025176419591,30380200
2025-03-12,378.82293701171875,380.7503233781215,374.55308456142495,378.5066728711865,24253600
2025-03-13,374.3751525878906,380.8491715851453,373.07049136146827,378.71423026442886,20473000
2025-03-14,384.0515441894531,385.7021804869834,375.10656321193693,375.3734195488383,19952800
2025-03-17,384.19000244140625,388.15345468919406,381.0963143894263,382.2132080479099,22474300
2025-03-18,379.0700378417969,382.87537263830677,376.67813379609476,382.57886557924786,19486900
2025-03-19,383.3201599121094,385.158563988563,379.54447585576617,381.0567221702146,19185500
2025-03-20,382.3515319824219,387.24410971121733,378.8328407062668,381.2642891356356,18470500
2025-03-21,386.72027587890625,387.19468720298374,378.35841433019584,378.7735544022507,39675900
2025-03-24,388.5191345214844,390.81222312553433,385.28708673252123,390.81222312553433,21004500
2025-03-25,390.57501220703125,391.7610706609813,388.0842623065983,389.34940942223693,15775000
2025-03-26,385.4451904296875,390.7232269425197,384.061440622416,390.4168262767483,16108400
2025-03-27,386.0480651855469,387.6888077325019,382.9049701422927,385.60330465875484,13766800
2025-03-28,374.4048156738281,384.6149747790714,372.5565178920864,383.5771397086297,21632000
2025-03-31,371.0343933105469,372.6948931611048,362.97893300010196,368.2174556076631,35184700
2025-04-01,377.7555236816406,378.4078694453165,368.89949332324585,370.3030004386035,19689500
2025-04-02,377.70611572265625,380.61197570359644,372.25014394283687,373.5844861787052,16092600
2025-04-03,368.7807922363281,373.10011248760316,365.06444000689004,370.4413221297822,30198000
2025-04-04,355.6647644042969,370.2436198076782,355.30895597122804,359.90499587925865,49209900
2025-04-07,353.7077941894531,366.6953473866903,340.78946619633433,346.808801297969,50425000
2025-04-08,350.446044921875,369.3145404099518,346.1860561796805,363.98709615832223,35868900
2025-04-09,385.9591979980469,388.667426732123,349.0030438091915,349.4379409733939,50199700
2025-04-10,376.92523193359375,379.44563241847453,363.5324334212975,377.6269854135807,38024400
2025-04-11,383.94287109375,385.52428234575257,374.4937970946495,376.2234920445777,23839200
2025-04-14,383.3102722167969,390.0709046779098,379.75203666792555,388.6575040815548,19251200
2025-04-15,381.25439453125,387.342923812398,379.7026039659422,384.00213704858294,17199900
2025-04-16,367.2982177734375,377.1821883945702,363.7301188576812,376.25312290658945,21967800
2025-04-17,363.5126647949219,369.9767899290697,362.6330071079686,369.41339637295704,21120200
2025-04-21,354.953125,360.25094859286406,351.543173455908,358.6102059570081,20807300
2025-04-22,362.5638427734375,363.5028019496421,355.68457702509073,359.1637542302739,19485000
2025-04-23,370.0459899902344,375.9763723537339,368.69186067990836,371.6965961898571,20545500
2025-04-24,382.8061828613281,383.9428636514652,370.8367085183124,371.3408006891215,22232300
2025-04-25,387.3034362792969,387.6098369882708,380.13755681192964,382.5097039822226,18973200
2025-04-28,386.62139892578125,388.18305301396595,382.1538550582223,387.41210451108003,16579400
2025-04-29,389.4679870605469,390.51568553400665,385.85045019118235,386.75975859738145,14974000
2025-04-30,390.6738586425781,392.0576085897077,379.97939447353656,385.7713871677669,36461100
2025-05-01,420.464111328125,431.91962985286955,419.9699127886788,426.1078502028247,58938100
2025-05-02,430.2294921875,434.3412277785372,425.0008630376841,426.7305579775838,30757400
2025-05-05,431.10919189453125,434.40054108405303,427.09627177369964,427.8474632490504,20136100
2025-05-06,428.2823486328125,432.65107712392626,426.1671945058241,427.18524232094876,15104200
2025-05-07,428.3218994140625,433.0365428333408,426.1078693467033,428.80620435216304,23295300
2025-05-08,433.0859680175781,438.5221520354275,430.60508165893515,432.8487322038109,23491300
2025-05-09,433.6394348144531,435.6260923106028,430.82249727884243,434.8946881691784,15324200
2025-05-12,444.04730224609375,444.1560114514232,434.67728663767485,440.7658165502587,22821900
2025-05-13,443.9287109375,445.4409573721911,440.19254074927665,442.5844751269483,23618800
2025-05-14,447.6845703125,448.6334230518337,442.940276452347,442.940276452347,19902800
2025-05-15,448.6946105957031,451.7246558325709,446.0210270484144,446.3576953837484,21992300
2025-05-16,449.82342529296875,449.91254071320964,444.3376746324017,447.6251542704443,23849800
2025-05-19,454.3784484863281,455.0914021356244,446.38743262939596,446.4666664897976,21336500
2025-05-20,453.685302734375,453.85362179890075,449.87298168888566,451.1305396548173,15441800
2025-05-21,448.1401062011719,453.2991005803846,447.38753565613104,450.12052955644793,19216900
2025-05-22,450.40765380859375,455.74490907390424,449.4570590917957,450.4967994491365,18025600
2025-05-23,445.7734680175781,449.2491205375805,444.51591011589574,445.5754438212613,16883500
2025-05-27,456.18060302734375,456.4380677238799,451.65532857824905,452.0118204825961,20974300
2025-05-28,452.8831481933594,457.9926435100278,452.457364471685,456.7053805592909,17086300
2025-05-29,454.1902770996094,457.2005290082406,450.8532686393741,457.0321797296883,13974800
2025-05-30,455.8537902832031,457.16087682654637,451.08099341488645,455.2200705832806,34770500
2025-06-02,457.4480895996094,457.5867035205711,452.41782757710985,452.6653804963421,16626500
2025-06-03,458.43829345703125,459.5968543955761,456.3489311405408,456.9529759669727,15743800
2025-06-04,459.3294677734375,461.1316602074749,458.48778183720145,459.4582001214203,14162700
2025-06-05,463.1021728515625,465.05289099241804,459.487906406924,460.40879598021155,20131700
2025-06-06,465.7757263183594,468.70674412433226,464.1913817517478,465.4885564998141,15285600
2025-06-09,468.12255859375,468.7958952647425,464.0329796350046,465.10242514198006,16469900
2025-06-10,466.31048583984375,468.172058367284,462.38922592870773,466.57783210788693,15375900
2025-06-11,467.99383544921875,470.81594475736864,465.0628173622344,465.4192790589967,16399200
2025-06-12,474.1826171875,475.7174632765806,468.88497916047487,470.3702965389571,18950600
2025-06-13,470.3109130859375,474.48960742449077,468.13246560456287,471.74673205457395,16814500
2025-06-16,474.45001220703125,475.98482813726486,470.3505215770748,470.5584575569121,15626100
2025-06-17,473.36077880859375,474.0539088222925,469.4395189734987,470.7466055851971,15414100
2025-06-18,475.5392761230469,476.2918467151281,469.8158534773037,473.3212114965306,17526500
2025-06-20,472.7270202636719,478.7277002496467,472.2022093150259,477.5097592999014,37576200
2025-06-23,481.24285888671875,482.97572926336846,467.8849134818946,473.52910172023695,24864000
2025-06-24,485.3125915527344,487.0355802812341,482.03499358247046,484.16397269221426,22305600
2025-06-25,487.45147705078125,489.71907018583636,484.59969288856837,487.2237477118272,17495100
2025-06-26,492.5808410644531,493.16506236350125,487.98624409592895,488.154593387658,21578900
2025-06-27,491.0855712890625,494.4126679494895,488.2040517426954,492.6797975508017,34539200
2025-06-30,492.5411682128906,495.8583832017286,490.4815111095117,492.17479474651304,28369000
2025-07-01,487.2336120605469,493.1748817381986,486.1741086010328,491.61036068604886,19945400
2025-07-02,486.28302001953125,488.66943364597034,483.9164299655294,485.1937811955959,16319600
2025-07-03,493.9571838378906,495.2345653483035,488.6100468852986,488.9764203666982,13984800
2025-07-07,492.84814453125,493.86806132382594,490.38252718836065,492.51147619590915,13981600
2025-07-08,491.7588806152344,493.3234318678901,489.2734398258723,492.37280697303856,11846600
2025-07-09,498.5814514160156,501.8194324629264,494.84833435120834,495.4028504286207,18659500
2025-07-10,496.5713195800781,499.50233742843255,492.877819466512,498.12592881176073,16492100
2025-07-11,498.3933410644531,500.08659454551145,492.9273533491097,493.59080845907414,16459500
2025-07-14,498.0962219238281,499.03693501960714,496.1257105345073,496.61090454240406,12058800
2025-07-15,500.8688659667969,503.3245715280963,497.8685258646023,498.0962552049,14927200
2025-07-16,500.6708068847656,501.7600457375481,496.9773367906475,500.2351113436526,15154400
2025-07-17,506.6912841796875,508.3449206172861,500.67078077223215,500.730191050298,17503100
2025-07-18,505.05743408203125,509.6025320949179,502.4630844244223,509.4440643876484,21209700
2025-07-21,505.0673522949219,507.0775109565722,500.6014880788464,501.75013722027745,14066800
2025-07-22,500.32421875,506.19619667447284,500.32421875,505.968437121084,13868600
2025-07-23,500.9183654785156,501.82937349813983,495.7989881406536,501.78975657062705,16396600
2025-07-24,505.87933349609375,508.6420022469781,502.334358860161,503.7899711970312,16107000
2025-07-25,508.681640625,513.2167663968169,505.3643953860848,507.4537274302719,19125700
2025-07-28,507.48345947265625,509.9589885432546,505.12675096242896,509.0480107678364,14308000
2025-07-29,507.5527648925781,512.5533213636355,506.55264151082275,510.48381297361453,16469200
2025-07-30,508.2162170410156,510.89971236727115,504.4534248625209,510.12731827097724,26380400
2025-07-31,528.2778930664062,550.0130499577134,526.6935786680993,549.795171976257,51617300
2025-08-01,518.9797973632812,530.5553736121248,515.7616096000787,529.7632164041114,28977600
2025-08-04,530.39697265625,532.981410508703,522.960473635689,523.0991177691142,25349000
2025-08-05,522.5841674804688,532.0406760929504,522.0791498987046,531.9218555369729,19171600
2025-08-06,519.8016967773438,526.4955370830186,518.9006307843745,525.70337986457,21355700
2025-08-07,515.7418212890625,522.9208551796034,512.483986539974,521.6434435727333,16079100
2025-08-08,516.9300537109375,519.524403327164,514.3257923084495,517.4845698020915,15531000
2025-08-11,516.6627807617188,522.4258201385037,514.6327984158801,517.1875615378566,20194400
2025-08-12,524.0595703125,525.7825288027884,517.5836082950698,518.6233183732385,18667000
2025-08-13,515.4844360351562,527.4857972911225,514.2862580919234,526.901545781552,19619200
2025-08-14,517.3657836914062,520.8018496782777,515.0487221853349,517.445017549053,20269100
2025-08-15,515.078369140625,520.9503168823401,513.9990723038397,517.6529556536844,25213300
2025-08-18,512.0384521484375,517.7024945692299,508.98864359035275,516.4845535034275,23760600
2025-08-19,504.7801513671875,510.117376123604,503.57209201860513,509.95896886179673,21481000
2025-08-20,500.76983642578125,505.9981527246316,499.5023667236012,504.87920872605446,27723000
2025-08-21,500.1251220703125,503.48747238505433,498.6175369804135,499.57962247206007,18443300
2025-08-22,503.09075927734375,506.5621975190336,498.3100856343386,500.13506667774504,24324200
2025-08-25,500.1449890136719,504.04291093011733,500.00611695670057,502.4956437530773,21638600
2025-08-26,497.9430847167969,500.8590951140394,494.44189267773186,500.24412923099453,30835700
2025-08-27,502.604736328125,503.1502662118434,495.8205578102606,497.9034268047853,17277900
2025-08-28,505.4810791015625,506.91922816363694,501.3748491905692,502.95187030654046,18015600
2025-08-29,502.5551452636719,505.44140176386463,500.3730863144936,504.5090702372647,20961600
2025-09-02,500.9979248046875,501.87074834041937,492.75574161607386,496.38587753866574,18128000
2025-09-03,501.2260437011719,503.6461342434815,498.22077154875547,499.6787766683557,16345100
2025-09-04,503.82470703125,504.00323087503085,499.0440334241921,500.1846427841772,15509500
2025-09-05,490.9605407714844,507.79205789513924,488.35199810583333,504.9157294675595,31994800
2025-09-08,494.13446044921875,497.10997900607424,490.99031585598385,494.0451682561979,16771000
2025-09-09,494.34271240234375,498.15137232357364,493.63851485593227,497.33805669614713,14410500
2025-09-10,496.2867126464844,499.1233892811019,492.66650462093776,498.8754294126598,21611800
2025-09-11,496.9215087890625,499.0638857033828,493.8170463660224,498.15138006137016,18881600
2025-09-12,505.73895263671875,508.367321245748,499.73833579713096,502.5154742767582,23624900
2025-09-15,511.1543884277344,511.2634762434591,502.86262476523797,504.63802593930427,17143800
2025-09-16,504.8859558105469,513.0090929577493,504.449544036503,512.6619733694059,19711900
2025-09-17,505.85797119140625,507.11762672901375,501.8013512662406,506.4530809454648,15816600
2025-09-18,504.30078125,508.883074673213,503.5172196080818,507.31595138937655,18913700
2025-09-19,513.7034301757812,515.0622454615835,506.1456179521661,506.39357782967863,52474100
2025-09-22,510.2518310546875,513.5149611406991,508.35738375283694,511.3825425873763,20009300
2025-09-23,505.0744323730469,510.3907077578639,503.17008724169204,509.60711582016205,19799600
2025-09-24,505.9869079589844,508.29788064425674,502.7832857896144,506.215041937542,13533700
2025-09-25,502.8923645019531,505.84805701475193,500.9186136455738,504.15198973027213,15786500
2025-09-26,507.28619384765625,509.74596656687834,502.4856945681329,505.8976246789574,16213100
2025-09-29,510.40057373046875,512.6322125671903,504.72728094557834,507.325895548039,17617800
2025-09-30,513.7232666015625,513.9315141469417,505.5009089039439,509.05168089535164,19728200
2025-10-01,515.4688720703125,516.2623314762835,507.51430077675985,510.5989067561486,22632300
2025-10-02,511.53131103515625,517.343476169315,506.5126054199375,513.4158303625842,21222900
2025-10-03,513.1281127929688,516.2425031799986,510.7973143114264,512.8801529316524,15112300
2025-10-06,524.256591796875,526.6965386672223,513.9712214168786,514.377848960065,21388600
2025-10-07,519.7040405273438,525.4765536672338,517.1847899970462,523.9788663400786,14615200
2025-10-08,520.5669555664062,522.6498549115006,518.8213688365025,519.0098207695767,13363400
2025-10-09,518.136962890625,520.0512058016051,513.1777655449532,518.07745494396,18343600
2025-10-10,506.790283203125,519.3073226434543,505.47115003636685,515.3994727403434,24133800
2025-10-13,509.8551025390625,512.1958293204747,507.50444767633473,512.1958293204747,14284200
2025-10-14,509.37896728515625,511.07503445038043,501.87073577210117,506.06622732552523,14684300
2025-10-15,509.24017333984375,512.9694997370561,505.8381709448021,510.7577169104775,14694700
2025-10-16,507.4349670410156,512.6321960787722,503.9833851231019,508.3970827878481,15559600
2025-10-17,509.3889465332031,511.2734052578957,503.1700935064365,504.8859867353243,19867800
2025-10-20,512.57275390625,514.4672014016805,509.24018745186737,510.41055088987974,14665600
2025-10-21,513.4356079101562,514.4572316509175,508.8533142722573,513.2769402267872,15586200
2025-10-22,516.2920532226562,520.9437823737373,513.4851913413816,516.8971212574951,18962700
2025-10-23,516.3119506835938,519.6743010066873,514.3778516149157,518.1964698863214,14023500
2025-10-24,519.3370971679688,521.0628883153897,516.4607987679614,518.5237814648117,15532400
2025-10-27,527.1825561523438,530.2175826339089,524.6930292943027,527.4404441110845,18734700
2025-10-28,537.6463623046875,549.2012543795508,536.356983260493,545.5116410650497,29986700
2025-10-29,537.130615234375,541.8121286840217,532.3499420595073,540.4929653309738,36023000
2025-10-30,521.4695434570312,530.6043464776645,517.8592331602406,526.1509968235328,41023100
2025-10-31,513.5843505859375,525.0004316167937,510.896444053691,524.5640198650095,34006400
2025-11-03,512.8107299804688,520.676008789008,510.3906395365282,515.5680119038287,22374700
2025-11-04,510.1327819824219,511.34279700787874,503.6957236126803,507.5837474278435,20958700
2025-11-05,503.0213317871094,510.6287541811956,502.4460479183387,509.1112106662694,23024300
2025-11-06,493.04339599609375,501.5732213085109,491.7639146320967,501.53353925537283,27406500
2025-11-07,492.76568603515625,495.30479262227396,489.2248119110569,492.89463000746537,24019800
2025-11-10,501.87078857421875,502.7138582055711,494.729532044403,495.9594336108676,26101500
2025-11-11,504.5289001464844,505.4414057875519,498.2505695472254,500.68055811559174,17980000
2025-11-12,506.96881103515625,507.4944847122113,495.04688194383186,505.20330782589343,26574900
2025-11-13,499.1828918457031,509.3095642884979,497.1992129195551,506.1455939798088,25273100
2025-11-14,506.01666259765625,507.4250879884235,493.38063720960855,494.1641988801248,28505700
2025-11-17,503.3486022949219,507.94082387806293,500.7896697837805,504.300789978241,19092800
2025-11-18,489.76043701171875,498.87544447228873,482.8076324047851,491.3275301094218,33815100
2025-11-19,483.1448669433594,491.14901921379453,478.88986688506054,486.1005596390223,23245300
2025-11-20,475.4139099121094,490.4584800066478,472.50238827815747,489.6038857855625,26802500
2025-11-21,469.1436462402344,475.9007957312625,465.3179114267742,475.4834301610789,31769200
2025-11-24,471.0118408203125,473.89355276873187,465.06952862032074,472.005536687022,34421000
2025-11-25,473.9829406738281,476.12932719889915,461.9592459889855,471.08136597664605,28019800
2025-11-26,482.4393005371094,485.2315832491155,478.16642081896737,483.24419169180504,25709100
2025-11-28,488.9082946777344,489.5243812398697,483.5820692635899,484.5260924315005,14386700
2025-12-01,483.6714782714844,486.7718042788117,481.59465771305275,485.3607732415945,23964000
2025-12-02,486.91094970703125,490.38888506208144,483.2541563831954,483.6516286444489,19562700
2025-12-03,474.7182922363281,481.18723109312356,472.2042431453193,473.3171775583083,34615100
2025-12-04,477.8086853027344,478.2856702042714,473.4861025034468,476.7355071807625,22318200
2025-12-05,480.11407470703125,480.35255199911325,475.86105782216015,479.4780948278929,22608700
2025-12-08,487.9245300292969,489.1964595164875,481.32640529111774,481.8331998835391,21965900
2025-12-09,488.9181823730469,489.01755801519323,485.42038417588924,486.016607703579,14696100
2025-12-10,475.5430603027344,481.19719183884354,472.084987996716,480.97857754952304,35756200
2025-12-11,480.422119140625,482.96597801292137,472.86007818396723,473.6252433732215,24669200
2025-12-12,475.51324462890625,479.40854546431024,473.3370484252935,476.79512068758515,21248100
2025-12-15,471.82666015625,477.6894594742654,469.5411415575728,477.0733729131614,23727700
2025-12-16,473.38677978515625,474.87732355778707,467.911505956298,468.9350114671635,20705600
2025-12-17,473.1184387207031,476.9739832708393,472.0055042784347,473.903466892556,24527200
2025-12-18,480.92889404296875,486.5134594689822,474.8772903878124,475.17538699144035,28573500
2025-12-19,482.8566589355469,484.77448448182145,479.4482594182398,484.2875529363844,70836100
2025-12-22,481.8630065917969,485.64898536737695,479.6470539215635,483.0554234208069,16963000
2025-12-23,483.78082275390625,484.7546252629152,481.6841087754749,481.9226163967179,14683600
2025-12-24,484.94342041015625,486.0762481946253,481.77352833631136,482.61817584356095,5855900
2025-12-26,484.6354064941406,485.04282544173617,482.8964387136479,483.64171061957336,8842200
2025-12-29,484.02923583984375,485.27135560420123,481.1276307272214,481.80333660098637,10893400
2025-12-30,484.4068603515625,486.5929730105466,482.43933166580535,482.8666136001516,13944500
2025-12-31,480.5711669921875,485.06269150087525,480.25317705215497,484.7645645601486,15601600
2026-01-02,469.95849609375,481.6046121327098,467.1960229709088,481.3363251826272,25571600
2026-01-05,469.86907958984375,473.0687813775576,466.5401924921144,471.071443053882,25250300
2026-01-06,475.493408203125,475.7219388392127,466.7886229022075,470.8130789419108,23037700
2026-01-07,480.422119140625,486.6128550141313,474.936929133209,476.73551614076564,25564200
2026-01-08,475.09588623046875,479.61722033317443,472.8600706717694,478.20615894860083,18162600
2026-01-09,476.2585144042969,476.7951186190047,469.2231615927928,471.0714211959582,18491000
2026-01-12,474.1717529296875,477.95773148860775,472.68120923483104,473.6649886945649,23519900
2026-01-13,467.70281982421875,472.7805908527595,463.01257439213845,471.68751939768345,28545800
2026-01-14,456.4840087890625,465.24841354789686,454.2879494306214,463.51936213123724,28184300
2026-01-15,453.7811584472656,461.3233064418312,453.02593988397814,461.1941211270383,23225800
2026-01-16,456.9609680175781,460.2699922453042,453.6023014516422,454.94376661538865,34246700
2026-01-20,451.65460205078125,453.92022725149957,446.44764578645413,448.37541805572727,26130000
2026-01-21,441.3102111816406,449.8361378186282,435.9144504613163,449.74670883889326,37980500
2026-01-22,448.2959289550781,449.9851935867555,441.89652570286836,444.79810039972057,25349400
2026-01-23,463.0125732421875,468.1301005814363,447.6897705604439,449.02131930234236,38000200
2026-01-26,467.31524658203125,471.26022001105116,459.0874468004336,462.376577380716,29291200
2026-01-27,477.55035400390625,479.8259260665289,470.17714753577707,470.7137518035326,29213900
2026-01-28,478.59368896484375,480.69037244143027,474.9865685400099,480.1637149068934,36875400
2026-01-29,430.76715087890625,439.7104135269112,418.36581575660404,437.2162272399066,128855300
2026-01-30,427.5773620605469,436.8286672682951,423.7615739365565,436.4013853645445,58566800
2026-02-02,420.7010192871094,428.0245530606437,419.58808475506504,427.5277051213245,42219900
2026-02-03,408.6176452636719,419.3893041977899,405.9843574339844,419.34957819955315,61424100
2026-02-04,411.5788879394531,417.15350712085007,406.6600813351222,408.4089957411405,45012400
2026-02-05,391.188232421875,405.72597626088844,389.84673704915224,404.87141244319446,66289200
2026-02-06,398.61114501953125,399.25704122003975,390.4429643868461,396.6535630940219,53515300
2026-02-09,410.9925842285156,412.2744602868579,398.34282592261525,402.297746078297,45480500
2026-02-10,410.6646728515625,421.0090502850332,410.0982892644293,416.97464756162884,44857900
2026-02-11,401.82073974609375,413.83451755028244,398.4819366306212,413.5562839573264,42491000
2026-02-12,399.30670166015625,403.6392309547976,395.5008602319473,402.4467839094351,40802400
2026-02-13,398.7900085449219,402.98340606348665,395.54060384789733,401.90028127287496,34091600
2026-02-17,394.3581237792969,397.9950542597942,392.04282577248057,396.7032617740463,32078800
2026-02-18,397.0808410644531,400.02217209191446,393.8215201082963,395.6201070500213,23223400
2026-02-19,396.8517761230469,402.7976819572589,395.0690225854118,399.07278661262325,28234000
2026-02-20,395.6267395019531,398.5050592846536,393.56508699389525,394.51123443489973,34015200
2026-02-23,382.918212890625,393.7642431363039,381.55374731391754,393.4057107487328,43238300
2026-02-24,387.4299621582031,387.7884945775691,380.16937672197673,382.58959213032324,33884700
2026-02-25,398.9831237792969,399.84960746436826,388.5852587696308,388.95376053046306,43625500
2026-02-26,400.0986022949219,405.8453028142193,397.1306190557743,403.0765245044552,34405900
2026-02-27,391.15484619140625,395.2183958601928,388.30640407164015,389.30236795593413,51367200
2026-03-02,396.9413757324219,399.57073485574693,389.0533591512552,391.2743390590049,35474900
2026-03-03,402.2996826171875,405.05852201627056,391.0851500003899,391.5532542396072,38199200
2026-03-04,403.5645751953125,409.3710312257941,398.69429724653685,399.6504140582061,35808000
2026-03-05,409.0224304199219,409.9486695143622,402.7677785996419,402.78771732924594,39001300
2026-03-06,407.30938720703125,411.38287590243635,406.8612216895844,407.54843921074234,31123900
2026-03-09,407.757568359375,408.55432729115563,401.8714182880504,403.2857003455267,30131900
2026-03-10,404.122314453125,408.5443965203919,401.30371964643086,408.37506928692744,31706400
2026-03-11,403.245849609375,407.35918518479474,399.96912002302975,403.9330670994013,25512100
2026-03-12,400.238037109375,404.4808530373378,400.08864860368743,402.99687655683135,27263900
2026-03-13,393.9534912109375,403.16615688192843,392.65875035547907,399.3815063856616,26848000
2026-03-16,398.33575439453125,399.01300251860397,393.1965772756644,396.4633374914087,27733700
2026-03-17,397.79791259765625,402.7677623283013,396.1446090107731,398.6544268926901,26228300
2026-03-18,390.2087097167969,396.39363710184665,389.42188971563326,395.5271533612366,25908500
2026-03-19,387.4498596191406,390.90585551603124,385.4977789148814,388.52551763585893,25138800
2026-03-20,380.3287353515625,385.43803509853177,378.58579850034175,385.22889118681917,50853200
2026-03-23,381.4541931152344,385.64719283721575,380.1395134056624,382.3505545919761,29680100
2026-03-24,371.2355651855469,380.9263046350485,370.34917314154325,380.8167328036651,42733600
2026-03-25,369.5424499511719,375.5381416220395,368.13813722010167,375.39872248264555,31181200
2026-03-26,364.492919921875,373.2076042912997,363.71606927386256,369.3233510512375,36836600
2026-03-27,355.33001708984375,360.9871149414508,355.07108715320055,360.43931657918756,37883400
2026-03-30,357.51116943359375,363.8853318939423,354.8419936524484,360.4393055378546,44797000
2026-03-31,368.67596435546875,371.3949263066763,361.6046146993887,363.07862179545566,45244400
2026-04-01,367.8791809082031,372.48052926345224,366.7139201659809,371.98254731341393,29417200
2026-04-02,371.9526672363281,372.1319638369453,362.680245817395,365.7278929006101,24099100
2026-04-06,371.375,372.22157533941066,368.0086373714944,371.98252335059567,16146600
2026-04-07,370.78741455078125,370.9467724245638,365.080530373921,368.8452727581139,21443300
2026-04-08,372.81915283203125,383.4461010048471,369.9109552686541,383.426192668859,33064800
2026-04-09,371.56427001953125,371.99252721403565,365.5685477188417,370.9965632857518,30435300
2026-04-10,369.3731384277344,374.12390583360843,368.5365323725683,371.47463812837884,28111100
2026-04-13,382.8186340332031,382.98796126737693,369.5225100750242,372.10205289266787,35745800
2026-04-14,391.5233459472656,393.09698589720546,384.95994763093,386.3543213772784,37504500
2026-04-15,409.5602722167969,412.69755239260473,395.1287651714373,396.3936283702306,45063400
2026-04-16,418.56378173828125,419.12151906860663,410.4765600541581,418.16537187855886,41642400
2026-04-17,421.0835876464844,429.83808848207923,418.99205736838906,423.10539315661504,48568200
2026-04-20,416.38262939453125,421.6213787702164,414.6197538627068,419.4501847919345,27582200
2026-04-21,422.44805908203125,425.4558591722327,415.51615872358184,418.54386715015573,32048500
2026-04-22,431.1726989746094,431.9495495900464,421.9600330275293,424.4698510786937,29378200
2026-04-23,414.07196044921875,421.9500379562064,409.7494810939023,418.19526527607866,38308000
2026-04-24,422.90618896484375,423.23487407473965,414.12178001797366,415.28707116170386,27457400
2026-04-27,423.1053771972656,425.38611256831246,415.3866572294081,420.6752229306716,30867300
2026-04-28,427.5174865722656,428.1847957314844,420.197146128082,422.8563830057505,30438100
2026-04-29,422.7467956542969,425.0972860808559,418.59364353468584,422.866306449911,38288300
2026-04-30,406.1341552734375,412.74737011555624,396.4035989759817,409.15192465494977,70909400
2026-05-01,412.76727294921875,415.4264794885345,408.7834174283456,411.1338775963461,31372400
2026-05-04,411.9505615234375,419.0816663151199,409.14193618030583,409.87897009526375,28066500
2026-05-05,409.7196350097656,415.09783400354706,407.1500311208482,413.6437352165572,25700900
2026-05-06,412.2891845703125,416.73120520087787,403.4748984673602,406.3532485673598,30285900
2026-05-07,419.07171630859375,426.25263786097554,417.06984955189336,418.41437649189606,34942400
2026-05-08,413.44451904296875,416.9403619714099,412.32904436576047,415.70537649227293,33383800
2026-05-11,410.99444580078125,411.02432350049145,403.86334099070683,406.22377045102496,35657900
2026-05-12,406.1241760253906,413.8229876767416,404.9987623844293,412.8071154720842,38594200
2026-05-13,403.57452392578125,404.6700902960666,399.41140211310335,401.57265715241186,29667100
2026-05-14,407.7774963378906,410.1777730080913,399.2620170659624,402.847493220503,27077500
2026-05-15,420.2170715332031,426.4418454559798,411.2434277199191,412.5979239362014,50771200
2026-05-18,421.83056640625,423.40417602339767,413.9325494355234,414.93848271907115,32564100
2026-05-19,415.7352600097656,430.9535870211983,414.808990493047,428.16486989475214,33018700
2026-05-20,419.36053466796875,420.3963455784958,409.63991780241736,412.49835957243755,27864000
2026-05-21,418.3025207519531,425.5388979071037,414.92886694253497,423.9518891931334,31393500
2026-05-22,417.7835388183594,423.60257118762803,415.54772693408205,418.7517174636334,22390300
2026-05-26,415.248291015625,418.9812539216563,412.24393696715845,415.6475333356961,30398000
2026-05-27,411.8946228027344,415.15846763645,408.8104019854481,410.23773822181624,28901500
2026-05-28,426.18768310546875,428.68298564682067,411.89461329838434,412.2040283766931,47250500
2026-05-29,449.3940124511719,449.48383969057267,431.54760317786213,431.7372486144539,79654400
2026-06-01,459.6546936035156,465.4438139523178,457.40892124774234,463.96658383705716,53628900
2026-06-02,440.48077392578125,452.64787129328397,439.6024225764256,446.0403151791343,37036800
2026-06-03,426.53704833984375,439.56254639446627,423.45285793258154,437.62618910935214,39037000
2026-06-04,427.2456970214844,435.33048350032107,425.60879436274143,434.9911260035114,26899500
2026-06-05,415.8870849609375,428.66302140752947,413.6213308264138,427.5351398188391,34782200
2026-06-08,410.9663391113281,416.37616844333525,407.79232157753756,413.3618539280056,32086700
2026-06-09,402.6520080566406,411.20591258759293,397.7312786929967,408.26144336727174,35317300
2026-06-10,396.61334228515625,404.2789346443135,396.41373636313654,397.80110870103243,32576000
2026-06-11,389.6065673828125,396.1043451719433,383.278483574852,394.46741202742857,47224100
2026-06-12,390.00579833984375,391.003919361718,381.55171206615995,390.6945042817559,34865800
2026-06-15,399.0088806152344,400.99513175706005,392.11186050588947,396.05442037645633,32266400
2026-06-16,393.0899963378906,396.094350419825,389.9559121071713,395.0463355104342,31506800
2026-06-17,378.1980285644531,389.6364865987809,376.6110198431126,389.51671695343225,41987800
2026-06-18,378.6871032714844,380.6534028700893,372.5786075934489,377.11008548581106,59714200
2026-06-22,366.6497802734375,380.9129385065033,366.3802985575179,375.0339909424311,45171100
2026-06-23,373.23736572265625,376.51120135394876,369.9735210485466,371.6802994138851,40647600
2026-06-24,364.7733154296875,378.16811350773463,364.09460041679364,370.87185096853153,44509900
2026-06-25,352.1670227050781,363.5456265920902,348.54386902384044,362.0883479855026,66179000
2026-06-26,372.2691955566406,375.90234020580533,354.762144454129,356.4789138154501,186201600
2026-06-29,367.8774719238281,379.7850483907747,359.2237492715265,376.790685328561,51229900
2026-06-30,372.319091796875,373.44697342275583,366.7595808670141,370.3328407149792,44945700
2026-07-01,383.5579528808594,388.09939143880604,374.18561213385976,380.1144231011508,48065800
2026-07-02,389.7562561035156,391.4630649298244,382.97903650468743,383.7575696594082,42128900
2026-07-06,386.0133056640625,388.418780928489,380.5036887115837,386.31276024010407,34224500
2026-07-07,388.109375,394.8267404517197,387.4905448392632,391.75251064257776,29297500
2026-07-08,382.6197204589844,384.58602015004215,380.6134873969759,383.3084264217563,25908300
2026-07-09,383.6377868652344,383.92725049460796,372.64849496928053,373.74643420118315,31083200
2026-07-10,384.37640380859375,391.1736053926777,380.783162110783,387.07131223677504,24644600
2026-07-13,390.2553405761719,392.91034623109437,383.4281962321871,387.02143811329415,28914900
2026-07-14,384.20672607421875,387.46061042423804,377.93852713765,382.1007052927433,27863900
2026-07-15,394.8866271972656,398.2103568181361,385.6739591427675,387.07132248997675,36253700
2026-07-16,400.3463439941406,405.2271399033625,391.31333055964967,397.56157784187184,37047400
2026-07-17,393.08001708984375,397.64143734197864,388.6583483977542,394.1180409920291,33049800
2026-07-20,401.53411865234375,402.4224305318551,388.91785418191677,390.67455694621333,27915800
2026-07-21,397.00262451171875,400.7156358198418,395.57531880381754,398.0606303262699,24126600
2026-07-22,389.6065673828125,400.246541441447,386.2329133568751,398.8291961465565,28142500
2026-07-23,380.8630065917969,391.04385321150613,376.68090752842744,389.23725659651495,30351800
2026-07-24,380.9828186035156,388.29903252889795,379.9347732203772,386.32274187573427,27659400
2026-07-27,388.368896484375,393.45931979821836,387.2609663085435,389.3470355932277,27856200
2026-07-28,392.61090087890625,399.56780545733704,390.5647345556998,392.4212554523594,32367500
2026-07-29,389.8061828613281,400.4960502148319,388.00954678983055,392.6607942930367,47209000
2026-07-30,450.2524108886719,457.8281459885008,431.6274684759506,437.07720086969465,110160700
2026-07-31,463.8468017578125,465.962813447145,448.4857046349594,449.1544591210436,60846000
2026-08-03,486.73370361328125,490.7261876465455,474.10747895013026,475.2353605631651,66762100
2026-08-04,491.884033203125,498.50158065157444,478.2696778930625,479.99640781848416,50455500
2026-08-05,486.5440673828125,497.3038108374591,484.7674131728324,495.42733843271316,33388900
2026-08-06,498.9207458496094,500.61756372489685,487.60205742358346,487.6319998350186,36441500
2026-08-07,499.0505065917969,504.23075699317457,497.79289485093346,498.2719734340298,28846200
2026-08-10,505.109130859375,512.7647021753171,501.32624359045303,502.4940586092805,31206100
2026-08-11,502.86334228515625,504.38047525067043,498.61133704649393,503.3823542433026,23049800
2026-08-12,491.5047302246094,500.557695253814,490.59643643442394,499.0505227551261,29001500
2026-08-13,495.9463806152344,500.3979918654044,492.0836571155829,492.34314786956145,23039000
2026-08-14,494.4691467285156,499.07050046550256,492.991947114923,495.42733437790497,16217600
2026-08-17,479.44744873046875,491.73431632358415,477.51109147171053,489.21906226283284,29635800
2026-08-18,480.72503662109375,483.36006030134655,476.2534434403709,480.6352093836093,24087600
2026-08-19,483.3999938964844,488.3806080919379,478.4592826108848,479.16797047398614,19961900
2026-08-20,481.1499938964844,484.1600036621094,479.5,483.29998779296875,20020800
2026-08-21,483.239990234375,486.3599853515625,478.5299987792969,479.8800048828125,22510800
2026-08-24,487.30999755859375,490.6099853515625,481.8599853515625,483.2099914550781,17230800
2026-08-25,491.7099914550781,492.44000244140625,484.29998779296875,485.44000244140625,19519000
2026-08-26,496.3699951171875,497.3999938964844,487.30999755859375,487.8500061035156,20758900
2026-08-27,505.05999755859375,506.4800109863281,490.0799865722656,494.8800048828125,28688800
2026-08-28,513.530029296875,517.780029296875,504.8699951171875,505.3299865722656,29207300
2026-08-31,507.2900085449219,512.1900024414062,506.3900146484375,510.3800048828125,27208900
2026-09-01,501.0199890136719,505.9700012207031,496.7799987792969,497.5199890136719,21046900
2026-09-02,496.82000732421875,500.2699890136719,493.80999755859375,499.8500061035156,15336100
2026-09-03,510.1199951171875,515.6500244140625,500.79998779296875,501.6600036621094,24125900
2026-09-04,499.70001220703125,511.0,499.3599853515625,510.0,18101800
2026-09-08,493.95001220703125,495.19000244140625,490.1499938964844,493.010009765625,18882300
2026-09-09,491.6499938964844,494.3900146484375,489.79998779296875,493.07000732421875,12889600
2026-09-10,492.44000244140625,494.5199890136719,486.0,488.32000732421875,16038800
2026-09-11,495.6300048828125,498.9700012207031,492.5799865722656,495.6499938964844,14510500
2026-09-14,505.4100036621094,509.95001220703125,495.3399963378906,497.05999755859375,23091900
2026-09-15,497.1199951171875,505.8999938964844,495.5400085449219,500.05999755859375,17794600
2026-09-16,490.29998779296875,495.9700012207031,487.2300109863281,493.0299987792969,16670300
2026-09-17,497.75,501.4700012207031,493.1700134277344,497.79998779296875,17841600
2026-09-18,493.7799987792969,498.6499938964844,491.1000061035156,497.9700012207031,39622300
2026-09-21,501.6099853515625,501.8699951171875,491.3299865722656,494.95001220703125,27959900
2026-09-22,498.0,508.5,493.6499938964844,507.32000732421875,21652800
2026-09-23,500.5899963378906,509.44000244140625,495.8800048828125,500.760009765625,19445600
2026-09-24,497.92999267578125,498.8999938964844,491.2200012207031,495.07000732421875,16657600
2026-09-25,516.1699829101562,519.4000244140625,497.25,499.0400085449219,38154200
