Date,Close,High,Low,Open,Volume
2021-09-28,1574.776611328125,1607.5674801471441,1551.3890467011418,1597.1960770494206,4922105
2021-09-29,1572.996337890625,1594.6120817213596,1543.5242847484055,1563.4892171671102,4329065
2021-09-30,1581.6390380859375,1599.1148277105365,1558.6491146985868,1571.4232520319154,4053929
2021-10-08,1589.936279296875,1623.12479460024,1561.9594200445874,1575.0879443578783,4745196
2021-10-11,1613.7213134765625,1633.4097206995168,1582.512042972507,1589.8584541300233,3767557
2021-10-12,1617.066162109375,1622.2605156209731,1592.373623058678,1612.7533948581438,3060642
2021-10-13,1667.9810791015625,1685.3099034169861,1609.2961966929122,1616.2104660664586,5014261
2021-10-14,1651.64599609375,1678.2659737632764,1638.6817418072999,1667.142647805637,2662255
2021-10-15,1656.8057861328125,1668.0587760202986,1633.5824889169526,1633.5824889169526,2856078
2021-10-18,1555.710693359375,1631.7676605902777,1544.4750050184462,1631.7676605902777,6965202
2021-10-19,1566.237548828125,1589.244774747416,1555.6068180199038,1555.710527834958,4031456
2021-10-20,1591.1461181640625,1598.7518560959068,1560.9048432395518,1584.2318493181567,2866339
2021-10-21,1593.7391357421875,1607.5676748809483,1580.774880299599,1591.232691922611,2301870
2021-10-22,1643.0032958984375,1660.2976209883282,1602.3819624385603,1603.2462461291962,3596260
2021-10-25,1618.8292236328125,1629.1833248367548,1605.839015105845,1624.8532553277655,3246133
2021-10-26,1608.47509765625,1623.9802953931596,1593.7390195098665,1611.050646002467,2113026
2021-10-27,1572.1318359375,1606.0982229174854,1555.7968551341226,1600.9125214245635,3464729
2021-10-28,1577.7410888671875,1593.5488699562457,1557.4390751787398,1577.490412857606,2949093
2021-10-29,1578.2510986328125,1597.196234810482,1566.9463061208896,1577.3177102430357,2877586
2021-11-01,1558.3035888671875,1578.4414422835202,1521.139387912507,1538.425062775149,4168998
2021-11-02,1559.7208251953125,1593.9291333441472,1545.3391329087324,1552.8583583003956,3250024
2021-11-03,1525.460693359375,1564.3361563583271,1522.1677219009264,1555.7106221228753,2782931
2021-11-04,1559.3404541015625,1569.5390429476145,1529.2807501906673,1536.6443579587574,3113043
2021-11-05,1572.9442138671875,1594.5945598290677,1559.3490499831275,1559.3490499831275,2707723
2021-11-08,1573.0826416015625,1582.3305399076605,1557.4823851069962,1572.9962343377133,1770572
2021-11-09,1547.076416015625,1579.798183004944,1540.153495399066,1572.978972208344,2735192
2021-11-10,1515.9447021484375,1551.388979131425,1499.5319659014053,1547.0762126380641,3534877
2021-11-11,1529.4365234375,1529.4365234375,1505.1501708370458,1515.0289806536948,2265187
2021-11-12,1533.0489501953125,1542.78944299921,1526.89525534053,1536.696201573402,1760663
2021-11-15,1522.1243896484375,1541.8818995347626,1512.496257951701,1532.9625394522086,2494735
2021-11-16,1562.6248779296875,1571.2677146439005,1525.4606800585723,1528.053531072836,3352624
2021-11-17,1551.38916015625,1573.4283933506701,1547.0763931596512,1560.0319967030814,2450546
2021-11-18,1548.7962646484375,1561.7605190958297,1529.7820247922625,1539.4792617981025,1952089
2021-11-19,1580.264892578125,1598.0604633292019,1545.5119753893903,1550.6890259947352,3115559
2021-11-22,1602.615234375,1649.9174608859144,1597.1961590975222,1598.0604427333974,4257268
2021-11-23,1639.053466796875,1656.831734817327,1600.6532983211737,1600.6532983211737,4578220
2021-11-24,1677.57470703125,1699.1818001151146,1639.5462232036482,1642.139074373712,5451235
2021-11-25,1690.564697265625,1716.6400662922813,1682.1119782276337,1687.9458926029897,3975288
2021-11-26,1677.583251953125,1700.0459760587455,1663.7460619791993,1698.170442516753,3265557
2021-11-29,1715.6031494140625,1719.9245679264407,1686.286608244873,1693.9960568521726,4239934
2021-11-30,1668.73291015625,1719.838005080815,1665.9066858242732,1715.9487287714978,3692487
2021-12-01,1670.6517333984375,1693.9527880858068,1658.5777154839054,1685.3532075103753,2625440
2021-12-02,1671.524658203125,1678.5685913846469,1659.0789519534703,1676.710360348533,2042182
2021-12-03,1704.263671875,1718.731771938565,1668.975007931987,1669.7960352096472,3581839
2021-12-06,1700.3052978515625,1719.92449486297,1685.3531482325586,1713.8745092026481,3106388
2021-12-07,1690.4263916015625,1718.0834673102213,1682.5268266918724,1711.921120908751,3697989
2021-12-08,1765.7313232421875,1767.4598903721358,1685.3529516995916,1698.2134953665413,6104807
2021-12-09,1803.37109375,1829.6192785008768,1767.4600658584693,1776.0509947056673,6423918
2021-12-10,1806.352783203125,1811.3483678956636,1776.967139840012,1780.4242743533193,4314822
2021-12-13,1830.7257080078125,1884.1384833613354,1830.5528934675726,1861.6671069542735,6580656
2021-12-14,1858.209716796875,1873.6803086410014,1814.9955373364826,1830.7254564587183,4044941
2021-12-15,1845.24560546875,1871.1308587633196,1836.6200714628367,1851.4251492061437,3007827
2021-12-16,1831.408447265625,1853.0674466988828,1803.0945057681317,1827.9599638591822,3721136
2021-12-17,1772.3865966796875,1821.910096435966,1759.6816680946995,1815.4279684837506,4840318
2021-12-20,1779.525390625,1801.1670865002668,1764.0028903776606,1783.7345531900307,3225769
2021-12-21,1761.582763671875,1788.3149959184452,1739.6558933041363,1767.4599342609847,2628589
2021-12-22,1770.052978515625,1783.0172337293625,1763.1387090682983,1763.1387090682983,1743079
2021-12-23,1832.2813720703125,1832.2813720703125,1750.1744237935768,1774.3743664435622,3909854
2021-12-24,1896.3160400390625,1916.0820958322136,1857.2416020584749,1857.2416020584749,5612959
2021-12-27,1842.4971923828125,1873.7669151224786,1825.3670317060307,1873.7669151224786,3755590
2021-12-28,1847.994140625,1862.9635940230544,1829.3430410759618,1843.5172099518327,2765070
2021-12-29,1764.0030517578125,1861.8831818957703,1764.0030517578125,1858.2099761290037,5404902
2021-12-30,1793.3885498046875,1805.4712181898199,1752.7672187970634,1764.0029060970444,3526136
2021-12-31,1771.781494140625,1791.6427156675734,1752.7672537157011,1789.067167254192,2966491
2022-01-04,1772.8447265625,1788.159809178784,1740.6674596677537,1776.1030931565213,3384262
2022-01-05,1749.31005859375,1784.7456872510345,1744.1243568390255,1767.460014735286,2839551
2022-01-06,1713.2001953125,1759.6813921811988,1675.4223932915345,1747.5900731771583,5179475
2022-01-07,1678.438720703125,1718.9563393550634,1676.12239427573,1706.960078984898,2981669
2022-01-10,1699.181640625,1708.6887606895345,1657.307140360286,1666.3475134969365,2962670
2022-01-11,1677.1856689453125,1698.317361857147,1669.078684137788,1683.6245398970598,2227664
2022-01-12,1700.0460205078125,1710.2446102648291,1683.6246303758103,1683.6246303758103,2747410
2022-01-13,1622.5975341796875,1700.901613691909,1612.3730963303233,1698.161796472913,5674735
2022-01-14,1613.61767578125,1636.089052091005,1610.1605409643646,1622.5975961285155,2932164
2022-01-17,1608.958984375,1623.383932560553,1586.2542372598145,1614.4817692546426,2735382
2022-01-18,1635.4581298828125,1649.7879156125762,1600.6534084883272,1609.0197211053694,3121577
2022-01-19,1652.51025390625,1658.5602391454465,1632.5280211649242,1658.5602391454465,2637094
2022-01-20,1702.2239990234375,1711.2730237722053,1655.9675198961122,1655.9675198961122,3401391
2022-01-21,1715.594482421875,1722.9408938256242,1686.22613936131,1693.9960413351225,3081258
2022-01-24,1685.52587890625,1714.738707556905,1669.3119097029926,1689.6744824968494,2398580
2022-01-25,1679.3031005859375,1699.1816241646698,1668.9316969796425,1679.3031005859375,2551012
2022-01-26,1689.6744384765625,1701.7744088799752,1658.560228867787,1678.4733567784813,2390513
2022-01-27,1698.3173828125,1737.9188134803117,1687.081695292621,1729.4402456828352,4266516
2022-01-28,1630.9031982421875,1700.910171775636,1624.8618641516077,1689.6744846653294,4102011
2022-02-07,1614.447265625,1653.8586847736296,1598.9247649115873,1642.9945801269075,3515042
2022-02-08,1589.4176025390625,1618.690884995381,1547.0677044833724,1615.2424017368305,4171306
2022-02-09,1638.6644287109375,1649.0531346261762,1579.0202081005668,1589.4953212764851,3388479
2022-02-10,1618.8033447265625,1647.2382991115437,1605.311889041436,1642.1390042607948,2303183
2022-02-11,1598.898681640625,1642.8216326006386,1591.1460831883753,1604.9746205762156,3374649
2022-02-14,1615.0609130859375,1622.2603576723372,1587.9569913741502,1590.2818636745342,2019587
2022-02-15,1634.0318603515625,1651.645964390789,1606.7032170604273,1615.1732385663433,2710586
2022-02-16,1635.7000732421875,1648.1889298538356,1631.7675404111387,1642.138944269684,1458685
2022-02-17,1630.89453125,1652.0608285543367,1625.7174808331772,1642.6660698735375,1821366
2022-02-18,1648.1888427734375,1649.0358238299293,1612.4593879094239,1622.8048373909212,1938549
2022-02-21,1622.251708984375,1648.1024616874943,1615.3028348948476,1642.1388835885245,2081573
2022-02-22,1562.5125732421875,1608.4319705827204,1555.7279672772677,1607.5763381573934,5229881
2022-02-23,1579.054931640625,1585.0962661120905,1555.7797257609056,1565.572127358886,2811161
2022-02-24,1524.6915283203125,1567.802004146027,1510.8543376345463,1562.6249531452906,6535925
2022-02-25,1554.898193359375,1562.8668632882273,1534.1034781074643,1534.1034781074643,3897913
2022-02-28,1547.413330078125,1553.117580558803,1527.189073370843,1544.5266524854744,2892303
2022-03-01,1606.2537841796875,1610.6529582069268,1557.4390628419615,1557.4390628419615,4737930
2022-03-02,1594.4996337890625,1599.7803942611463,1577.3176705060994,1590.2819253321768,2007448
2022-03-03,1555.710693359375,1599.1409502156575,1550.524991048177,1595.2949298695391,3154693
2022-03-04,1538.8570556640625,1549.565542865146,1516.904229613167,1531.510644558674,3104703
2022-03-07,1475.3321533203125,1528.053454639902,1472.5664879114536,1521.3120001386708,4915581
2022-03-08,1515.2620849609375,1544.1810882426196,1496.9393133955532,1521.1219535524306,5721546
2022-03-09,1537.7164306640625,1560.032190985646,1487.527413504305,1524.6829640061244,5643442
2022-03-10,1550.896484375,1573.8604534662006,1547.9319451718645,1562.624766538655,3646178
2022-03-11,1528.9263916015625,1535.832009359821,1484.9083799371433,1526.3248894369408,4772677
2022-03-14,1469.2823486328125,1512.496535357307,1469.2823486328125,1495.2108606675092,4900661
2022-03-15,1385.4466552734375,1456.3179127484357,1385.4466552734375,1426.0679857773998,8905587
2022-03-16,1447.6318359375,1455.3672377925213,1376.8038340697856,1412.2394631952477,7759281
2022-03-17,1486.697509765625,1516.8177732215142,1479.359750174755,1486.5678461202306,6835196
2022-03-18,1476.01513671875,1508.1751003701445,1462.6100877015504,1484.8394397913514,3834868
2022-03-21,1472.9986572265625,1491.451091932253,1464.9694284096918,1490.0250028184396,2787716
2022-03-22,1464.9608154296875,1489.9213319504772,1457.467438056274,1489.9213319504772,2105404
2022-03-23,1514.38916015625,1529.7821030323382,1466.6893948281797,1473.6036642204162,5806739
2022-03-24,1487.3717041015625,1503.8535468399848,1484.2775011209617,1502.1249795447663,2581532
2022-03-25,1460.6392822265625,1498.6677605803902,1456.3178642318094,1479.6535214034764,2970866
2022-03-28,1435.4022216796875,1438.8593560233253,1386.3108717986863,1404.460827102784,5754164
2022-03-29,1440.7607421875,1461.935690108072,1436.0071824502288,1436.0071824502288,2593498
2022-03-30,1495.297119140625,1495.297119140625,1464.9607841795291,1467.5536351249796,4243343
2022-03-31,1485.703369140625,1502.643305012121,1476.8877194482895,1486.567652659613,2517386
2022-04-01,1538.43359375,1549.6606302550804,1488.0285107102295,1495.158851033489,4486191
2022-04-06,1525.460693359375,1545.9701281804876,1515.089289211889,1515.089289211889,2781977
2022-04-07,1525.460693359375,1542.7463669385181,1512.5828454422376,1519.4107076066748,2019571
2022-04-08,1541.8819580078125,1545.9440487675838,1526.7915999601375,1528.0534202678323,2294132
2022-04-11,1486.567626953125,1529.7818021552507,1474.4936117224568,1529.7818021552507,4386359
2022-04-12,1540.1534423828125,1545.3131903790766,1476.1964531929539,1494.3464095846705,4162956
2022-04-13,1528.917724609375,1551.3890987415648,1513.4297241493596,1527.1891573684372,3114766
2022-04-14,1563.4891357421875,1586.7383872195708,1538.5977242155884,1545.339178942527,3764986
2022-04-15,1560.8876953125,1571.2677508859608,1552.1584511304761,1557.6120263611774,2104113
2022-04-18,1547.7763671875,1553.9819700857447,1528.0534611299204,1539.4015094363879,1979315
2022-04-19,1547.3271484375,1584.2233689041948,1534.5357074916383,1555.7106581159949,2420476
2022-04-20,1553.1177978515625,1572.9963228101524,1528.6413300631689,1557.1712377341046,2415572
2022-04-21,1538.4075927734375,1560.896270202521,1529.7820588363577,1547.2405463460216,2895261
2022-04-22,1532.3751220703125,1545.2356687700906,1521.2950505758754,1523.7322843823806,2789975
2022-04-25,1476.1962890625,1535.399711662489,1471.0105878128659,1512.4961978099384,5365802
2022-04-26,1497.3541259765625,1511.6148062482782,1469.2822098131433,1472.1602363958561,4456396
2022-04-27,1551.320068359375,1564.3534279992805,1527.2929403578144,1527.2929403578144,5740244
2022-04-28,1585.9605712890625,1594.6034081898204,1544.0428123203872,1549.6606563058797,4401006
2022-04-29,1580.239013671875,1598.0605390981452,1565.2004564001293,1586.8248511542427,3488527
2022-05-05,1587.6890869140625,1616.21044775683,1580.7575150650678,1581.6391012807483,3366094
2022-05-06,1549.6605224609375,1572.1318964620443,1539.2891190758114,1568.6661107239115,2859618
2022-05-09,1514.2249755859375,1538.4249181181328,1502.1250043198397,1538.4249181181328,3035182
2022-05-10,1526.489013671875,1542.7116338607582,1473.6122016613544,1486.5678044939714,4011919
2022-05-11,1528.053466796875,1545.753978762489,1514.2249286358172,1516.8177795410156,3031267
2022-05-12,1523.4468994140625,1536.696329788107,1512.4963875867195,1515.0892385368682,2203823
2022-05-13,1536.90380859375,1553.9301549538804,1526.324984750135,1538.4249563166704,2073052
2022-05-16,1519.4105224609375,1553.1175818329377,1506.161093258232,1553.1175818329377,2776531
2022-05-17,1528.053466796875,1534.1034522423377,1516.8177795410156,1529.678324250934,2014474
2022-05-18,1522.00341796875,1533.1700000499948,1506.463615737944,1532.945277873966,2485044
2022-05-19,1517.6820068359375,1518.5462904389194,1502.989185585248,1508.1748872031385,1977626
2022-05-20,1555.7193603515625,1556.704656461049,1514.2250901653786,1521.130708705942,4194960
2022-05-23,1539.2889404296875,1559.0724027512,1531.5103887936027,1555.710327216978,2215713
2022-05-24,1521.13916015625,1544.4748177268289,1517.2498838944869,1543.6105341131038,2734222
2022-05-25,1517.2584228515625,1531.510450146574,1509.903361402971,1525.693838737334,2238869
2022-05-26,1506.2735595703125,1522.0034795081158,1495.2106868535152,1522.0034795081158,2805344
2022-05-27,1516.9561767578125,1538.4249538765823,1515.0979457409373,1521.1306289604297,2511958
2022-05-30,1537.050537109375,1547.542952062771,1526.32474871703,1526.32474871703,3446569
2022-05-31,1559.19384765625,1568.5886078517763,1527.172092336195,1533.9048965478776,4075082
2022-06-01,1545.55517578125,1568.4846454266649,1537.5605523359955,1557.439075497169,2176001
2022-06-02,1543.610595703125,1552.0806176569336,1538.4248938138649,1545.313209169289,1691473
2022-06-06,1545.3392333984375,1551.3892192115186,1519.410722770947,1547.0678007736035,3674126
2022-06-07,1571.1812744140625,1577.3176672517366,1530.0500448950022,1542.0030498387684,3504859
2022-06-08,1612.407470703125,1626.5817429109936,1577.3175774774513,1577.3175774774513,4435381
2022-06-09,1601.5177001953125,1632.0701079677633,1598.0605653864723,1617.9390905373045,2632902
2022-06-10,1642.657470703125,1648.1889071187238,1585.9604848258302,1594.6119725320982,4734462
2022-06-13,1604.1104736328125,1635.2246854058626,1597.2653090615258,1633.4961180851376,3675518
2022-06-14,1617.07470703125,1620.8948787404597,1583.367644725414,1585.0962120231493,2941623
2022-06-15,1620.6181640625,1646.4602649116562,1610.1517022829673,1616.2103387846703,3366362
2022-06-16,1622.26025390625,1648.7332637615195,1620.816862369352,1637.4629722961606,2688670
2022-06-17,1686.2174072265625,1687.0816908796771,1623.2024565370327,1623.2024565370327,5054161
2022-06-20,1678.4560546875,1702.6386929484315,1668.0673489291742,1685.353020938803,3497478
2022-06-21,1681.67138671875,1700.0374156574205,1666.3390020591607,1684.4889600691413,2371702
2022-06-22,1673.253173828125,1692.2674144398084,1669.7960391714553,1689.6745634473061,1964665
2022-06-23,1691.489501953125,1698.3519689619582,1676.7102727118552,1679.0437963539703,2684352
2022-06-24,1736.3544921875,1745.852960995418,1698.3173605722754,1702.6387787925612,3963465
2022-06-27,1737.6854248046875,1771.7294627820188,1728.8265179524908,1745.8009549219307,4011517
2022-06-28,1759.681640625,1764.0030591923503,1729.4317106535486,1745.6283790037064,2524571
2022-06-29,1754.4959716796875,1764.8673764383852,1738.0832320893194,1752.7674042199046,3036012
2022-06-30,1786.5355224609375,1814.4910905385657,1747.214260205386,1747.2230048517724,3898243
2022-07-01,1772.6014404296875,1806.42765180451,1760.510580598623,1795.2716159893846,2159645
2022-07-04,1762.947998046875,1768.4430484794175,1748.1053472686156,1764.7039656843194,2507589
2022-07-05,1776.0606689453125,1794.7908456258112,1755.958862687366,1769.3076700833712,2632940
2022-07-06,1748.97021484375,1781.29384019301,1734.9924309089347,1775.1785597215285,3275166
2022-07-07,1738.4869384765625,1755.3913001931417,1734.1276254888305,1751.5911113796521,2093177
2022-07-08,1746.349609375,1760.2313106627748,1743.8685822609725,1751.5912790379564,1564389
2022-07-11,1715.423583984375,1742.6540938450523,1703.9792942363927,1738.6616294217658,2394921
2022-07-12,1702.1534423828125,1723.4608400379902,1686.1226924054884,1716.6466275618486,2344686
2022-07-13,1711.308837890625,1722.7618718174797,1695.3916620118343,1699.1743614021289,1985377
2022-07-14,1706.1632080078125,1726.9552037371193,1695.6798703242007,1712.2784883232525,2052724
2022-07-15,1703.105712890625,1746.9435872934237,1698.7463997973025,1699.2705453977153,3341623
2022-07-18,1704.9925537109375,1711.4048318992266,1679.0812082237435,1705.6040390696105,2422072
2022-07-19,1697.5145263671875,1704.9839475340084,1682.5757906755769,1699.1744095867066,2195603
2022-07-20,1703.6297607421875,1721.0146508789644,1699.1743634312618,1711.1865215274984,1870461
2022-07-21,1693.9324951171875,1708.6965490229402,1690.0099884845074,1697.514280508733,1406137
2022-07-22,1700.921630859375,1714.02580367031,1690.4382926106268,1702.8610228413058,2511357
2022-07-25,1698.86865234375,1705.5518017554962,1686.943833847031,1703.114391505534,1691244
2022-07-26,1703.7257080078125,1716.6202212098951,1700.9389387420797,1706.154373370502,2068510
2022-07-27,1676.9844970703125,1701.795083267712,1674.713128657189,1696.5534146334173,2148987
2022-07-28,1658.1146240234375,1693.059083960707,1653.44956848158,1678.2950283088048,3486986
2022-07-29,1658.4989013671875,1676.4516596615802,1640.729673997347,1655.5810689286807,3703236
2022-08-01,1651.387939453125,1666.8508210799143,1643.4206064608143,1651.1345579806546,2103741
2022-08-02,1642.3721923828125,1649.3610846452643,1623.1789726011418,1642.3896816761937,2822088
2022-08-03,1646.7576904296875,1663.3563090600132,1639.7687983748135,1651.1170033175529,2459842
2022-08-04,1673.848388671875,1680.0422643842053,1642.503203598452,1651.1257448894155,3035714
2022-08-05,1680.7935791015625,1690.4382843688377,1664.1425990515065,1684.1483241070684,2008584
2022-08-08,1669.9344482421875,1688.5860305629742,1666.4225133026614,1673.0969172884538,1679901
2022-08-09,1668.597900390625,1676.4516589401594,1664.2298430597596,1669.9345515279558,1387461
2022-08-10,1638.8951416015625,1675.5868238762243,1628.9184600776557,1668.580442722005,2792662
2022-08-11,1665.8897705078125,1665.9771103283492,1640.6511217813586,1647.6312690504808,2606149
2022-08-12,1684.322998046875,1686.0702210738946,1659.861875668601,1665.8898164402244,2025983
2022-08-15,1677.2379150390625,1694.3694229348541,1673.4464711707872,1677.7358266476745,1932314
2022-08-16,1675.447021484375,1689.3811886632566,1673.8396062108295,1680.7760302174968,1483584
2022-08-17,1675.5867919921875,1686.070129585465,1655.493728271739,1686.070129585465,1836063
2022-08-18,1655.9305419921875,1671.2885932492898,1643.324281552974,1666.8506853711917,2316777
2022-08-19,1655.5025634765625,1667.1565112121464,1649.3785382327997,1658.1146533717445,1354417
2022-08-22,1654.6026611328125,1665.9770997153555,1643.5951777646194,1646.7663917167015,1542667
2022-08-23,1633.662109375,1658.6386301556693,1631.0325304544215,1658.6386301556693,2375636
2022-08-24,1619.8502197265625,1638.222293113723,1617.0547058955974,1633.6445778963578,1872761
2022-08-25,1646.7576904296875,1649.3785249502653,1619.850413361611,1624.043791251347,2192534
2022-08-26,1658.1146240234375,1670.345185001482,1647.6312860422568,1659.861847020301,2314195
2022-08-29,1641.358642578125,1659.8355463555872,1637.1478822474498,1645.0103854172617,1356962
2022-08-30,1633.653564453125,1646.7577374300217,1619.8504595939808,1644.4426455423636,1823539
2022-08-31,1680.82861328125,1682.1914984801952,1624.92621902474,1625.0048142040532,4469151
2022-09-01,1643.167236328125,1673.8397249629436,1643.167236328125,1670.47634183357,2684508
2022-09-02,1638.021484375,1653.711512041219,1630.307533589045,1651.0731883743285,1939132
2022-09-05,1603.0770263671875,1632.7798159565523,1589.9728544895265,1627.2236598774668,3682187
2022-09-06,1611.813232421875,1614.6087465909438,1594.3410022601204,1603.3916046868655,2083004
2022-09-07,1588.234375,1605.4008614749707,1582.1190947951163,1603.1032590751693,2830616
2022-09-08,1585.604736328125,1600.4561305526859,1585.604736328125,1589.9727934529958,1659057
2022-09-09,1611.6297607421875,1617.928465404843,1586.4784520384424,1594.3409553800425,2708986
2022-09-13,1641.5159912109375,1649.7104712603111,1623.371063484322,1642.3896027017363,2869309
2022-09-14,1632.77978515625,1642.3895110185927,1627.5381165040628,1628.4204725918762,1604157
2022-09-15,1642.3896484375,1653.8514272502764,1633.618554700182,1633.6535332862368,2081021
2022-09-16,1624.0439453125,1647.2819922709734,1620.645583431396,1635.2262163178902,2412127
2022-09-19,1635.086181640625,1649.8938533743487,1618.697221960802,1620.5492740082732,1858351
2022-09-20,1640.6422119140625,1646.4080258351973,1623.6505128127603,1633.6358314117495,1411630
2022-09-21,1614.43408203125,1645.0104851000237,1614.43408203125,1639.4805625932881,2099454
2022-09-22,1590.6806640625,1608.3363189909267,1587.2210898807346,1607.4452181659572,2270429
2022-09-23,1602.5791015625,1620.549242193607,1590.6805178612392,1590.6805178612392,2828769
2022-09-26,1627.5380859375,1649.3783715780999,1589.9553053444326,1589.9727946356682,3513492
2022-09-27,1649.37841796875,1657.2409210205078,1617.1508787740022,1632.657482014969,2882019
2022-09-28,1645.0103759765625,1659.337625221067,1637.1566174978186,1642.8263473308157,2144597
2022-09-29,1642.6953125,1661.766319213137,1634.6406403102173,1658.0970870400422,2158966
2022-09-30,1635.837646484375,1661.6004428634658,1630.1591713430407,1658.6563761712555,2128908
2022-10-10,1560.270263671875,1651.9994785014085,1555.2032739101905,1651.1258669316035,4858413
2022-10-11,1555.01953125,1577.742172060033,1537.5560480762226,1562.8907784138423,3204719
2022-10-12,1537.55615234375,1554.154769897461,1492.1283569335938,1549.4897146131843,4819500
2022-10-13,1485.130859375,1515.7160076338914,1482.5187694263482,1503.0136618363968,6396927
2022-10-14,1517.99609375,1533.1882108125883,1486.8343325784215,1493.8756925866246,4651970
2022-10-17,1501.301513671875,1509.5920791089413,1483.2177964607781,1507.853600580539,3354951
2022-10-18,1490.2325439453125,1511.3477705527753,1486.0130391388848,1506.9797134124492,2808277
2022-10-19,1439.7117919921875,1486.8693250094007,1439.7117919921875,1486.8693250094007,6012093
2022-10-20,1435.780517578125,1457.559699458466,1407.3881434854636,1416.1242585908979,4277807
2022-10-21,1418.744873046875,1439.5368664293674,1406.5143137964708,1432.7226550473367,3890740
2022-10-24,1311.535400390625,1388.1685698548586,1299.9425595884593,1371.569952594165,13209804
2022-10-25,1292.7265625,1323.5213665737456,1285.9560736610915,1292.4383091083107,8136156
2022-10-26,1279.0369873046875,1323.5125751791616,1275.4726910523264,1300.63274295729,8178083
2022-10-27,1223.9295654296875,1299.9162675683026,1208.9471086643684,1292.9448656930317,10710590
2022-10-28,1188.1116943359375,1228.2978251737707,1186.9847013239475,1214.9927384830135,9314275
2022-10-31,1179.3756103515625,1207.3399250217058,1164.524213776765,1179.3756103515625,7184665
2022-11-01,1277.2288818359375,1283.6848842457214,1187.2381439394508,1187.2381439394508,11876648
2022-11-02,1285.9212646484375,1315.6590368987459,1254.5062264187245,1275.472904297589,7977715
2022-11-03,1257.5638427734375,1277.6569086878446,1247.6046496439762,1261.11939490623,4515970
2022-11-04,1324.8929443359375,1334.6774571115795,1256.2183571851874,1256.2183571851874,8000795
2022-11-07,1316.628662109375,1326.56162095434,1298.7021364247976,1305.2193509647238,4269835
2022-11-08,1297.208251953125,1326.1335160006286,1283.3003184437464,1317.40614562299,3932491
2022-11-09,1275.3853759765625,1300.7026187108822,1266.7366013013418,1296.3956673439677,3609016
2022-11-10,1288.5767822265625,1297.3128960043696,1253.7633901504034,1261.4948295153602,3771967
2022-11-11,1335.0093994140625,1349.2492024987002,1306.0316683415203,1334.8783363641558,7394715
2022-11-14,1339.2464599609375,1365.9178452566607,1334.8784023615867,1348.419380919574,5737015
2022-11-15,1387.2950439453125,1396.878536381503,1328.7630742070655,1338.3728005820017,5631760
2022-11-16,1384.892578125,1396.0311243297588,1369.8227803185619,1381.1797293900804,2684776
2022-11-17,1368.9490966796875,1394.5459539712845,1356.6137076810944,1389.4789650727778,3057988
2022-11-18,1369.0628662109375,1383.8006887247934,1359.339565439254,1376.8117963574966,2360871
2022-11-21,1327.8719482421875,1346.541021134473,1309.1330248232662,1346.541021134473,3909600
2022-11-22,1345.3179931640625,1362.6067989567057,1324.491124764816,1325.6529896742093,2990062
2022-11-23,1353.2242431640625,1360.2131353172663,1328.7980992140656,1334.8784012619028,2217746
2022-11-24,1327.880859375,1370.5917423961528,1322.6304452382597,1361.960455704327,2768738
2022-11-25,1329.6453857421875,1338.372755689506,1319.1533035843042,1328.3349685531966,1862104
2022-11-28,1319.048583984375,1323.5214707617963,1267.6103327230142,1297.1209558631967,4772321
2022-11-29,1396.90478515625,1397.7783966541588,1354.9714332566252,1371.1857138459873,7342013
2022-11-30,1396.90478515625,1401.2728426457943,1384.674224185526,1386.5262762954117,3149730
2022-12-01,1424.6856689453125,1467.6673118498172,1424.6769242989988,1450.1950819468432,5135768
2022-12-02,1427.3760986328125,1444.0707985217434,1416.2986599333467,1428.3545390666764,2388390
2022-12-05,1454.4757080078125,1466.7936079853002,1440.5852647812746,1457.1838821438241,3612746
2022-12-06,1474.6558837890625,1508.6393849038348,1443.205876788822,1445.8267107055087,4414748
2022-12-07,1471.16162109375,1502.6116319959917,1458.9572952349367,1465.754017629561,3552626
2022-12-08,1473.8001708984375,1480.7715739893608,1454.5632275470714,1469.4146238643689,1972956
2022-12-09,1511.347900390625,1511.347900390625,1469.4145482410586,1478.1506632722183,3921526
2022-12-12,1519.2279052734375,1542.797926751917,1498.2437397392625,1498.9950328408636,3475517
2022-12-13,1528.820068359375,1538.1589237602097,1511.3478390066964,1517.463119280134,2138546
2022-12-14,1547.0523681640625,1555.7273771437508,1522.7048203115096,1522.7048203115096,2909840
2022-12-15,1561.135009765625,1586.4784879754945,1555.0284738966852,1576.8687614514138,3063444
2022-12-16,1561.0301513671875,1564.638171069226,1522.7048197507877,1549.1315671962618,3330266
2022-12-19,1548.9130859375,1571.452303787308,1537.7046895330395,1571.452303787308,2498710
2022-12-20,1498.24365234375,1542.2124786887503,1469.8075566934774,1542.2124786887503,4619840
2022-12-21,1519.2103271484375,1519.2103271484375,1500.5587438278376,1506.106155263891,2281614
2022-12-22,1544.5450439453125,1557.6492156982422,1524.4519805908203,1534.6731919012964,2317534
2022-12-23,1547.166015625,1556.7757424301242,1524.4521159037972,1530.9168625374691,1731921
2022-12-26,1521.8836669921875,1547.1659320510832,1515.7334080436788,1547.1659320510832,2138380
2022-12-27,1533.2525634765625,1545.7716409180612,1526.6170215111417,1537.6762581201763,1790505
2022-12-28,1533.2525634765625,1545.6389084786813,1511.1429462878089,1544.648005198526,2143790
2022-12-29,1520.8660888671875,1527.9351436652335,1504.9850696501273,1519.0966111605358,2241780
2022-12-30,1527.944091796875,1550.9384473408654,1527.944091796875,1535.9067419567891,2533312
2023-01-03,1530.6070556640625,1538.0565956083099,1509.3733234147826,1531.6598430479225,2603380
2023-01-04,1526.183349609375,1538.295372445802,1518.2118440492518,1530.5981877652714,2041575
2023-01-05,1593.4146728515625,1593.4146728515625,1533.2524309004762,1536.7913863093636,4794285
2023-01-06,1595.865478515625,1603.0584099825842,1581.0283901095822,1597.9445932987428,2490375
2023-01-09,1628.981201171875,1636.7492345466558,1599.4486127017751,1623.495863253666,3097723
2023-01-10,1640.7041015625,1649.595771204373,1619.5146469238964,1627.088064171154,2273173
2023-01-11,1632.298828125,1645.6141904467631,1625.1236093191685,1642.0752351984904,2272031
2023-01-12,1622.6112060546875,1642.075462615867,1621.7264671200885,1634.9975511390744,1719317
2023-01-13,1669.5023193359375,1670.3870582439056,1627.9195906614334,1631.6178468168966,3193965
2023-01-16,1692.4171142578125,1711.9698229351923,1664.1939208997915,1668.617615532699,3684826
2023-01-17,1688.0816650390625,1701.3527473113822,1676.5800604030521,1692.646947580837,2129923
2023-01-18,1674.810791015625,1703.3879015954851,1672.1565742311311,1693.390308507082,2106293
2023-01-19,1663.4947509765625,1674.3859377484412,1650.9226468380828,1674.3682256918926,2343889
2023-01-20,1645.623291015625,1679.4556995766022,1643.844957099079,1671.4399129079486,2560875
2023-01-30,1670.3870849609375,1688.9666023254395,1663.3091735839844,1688.9666023254395,3592255
2023-01-31,1633.0157470703125,1680.9596981696002,1621.7883538128435,1677.907392040695,3299068
2023-02-01,1632.316650390625,1644.7295626821076,1602.6160139843466,1641.1728951374027,3397389
2023-02-02,1624.477783203125,1644.7294677700825,1615.5330866854065,1635.333545813755,2975886
2023-02-03,1608.455322265625,1615.5332334747145,1588.7079975124207,1610.2248000678974,3494490
2023-02-06,1588.1064453125,1588.1064453125,1557.1405814763232,1574.8353608112814,4266095
2023-02-07,1589.8756103515625,1600.3155713047029,1581.6740644638512,1599.6784772937522,2432171
2023-02-08,1578.374267578125,1597.811956152821,1570.4116171250962,1592.5389466351523,1667577
2023-02-09,1608.455322265625,1618.8510043539754,1570.4204055458076,1573.0657662201766,2975366
2023-02-10,1601.37744140625,1608.8888661792264,1593.4590712911515,1601.465893697969,1798451
2023-02-13,1642.385009765625,1658.4430421499158,1601.3773839911162,1601.3773839911162,3814670
2023-02-14,1631.272705078125,1643.313988060544,1623.4958159012438,1642.482277367966,1956576
2023-02-15,1628.8043212890625,1641.4561308088314,1624.212578220221,1631.2639213607954,1817691
2023-02-16,1647.2244873046875,1669.5022597321313,1617.3026660256153,1629.105052396448,3324595
2023-02-17,1610.9149169921875,1657.115956336322,1610.2690748765551,1636.9085501414388,2644283
2023-02-20,1658.885498046875,1662.2475491897264,1607.7475445602736,1611.109595703125,2966869
2023-02-21,1651.8074951171875,1658.0006673002729,1637.651672984421,1658.0006673002729,1875052
2023-02-22,1624.3804931640625,1649.0647281406443,1620.6646332752632,1641.1993869756852,2186916
2023-02-23,1608.455322265625,1635.7053236207619,1597.1749012761384,1627.9195780906216,2188097
2023-02-24,1581.9130859375,1601.5453894535701,1576.7639532785956,1601.4746492247054,2463461
2023-02-27,1601.7401123046875,1605.8010334384091,1570.42919103975,1573.508064997361,2206489
2023-02-28,1604.6864013671875,1612.0032097037138,1577.7549997903213,1609.3401368460345,2395181
2023-03-01,1626.618896484375,1634.9973472300217,1595.387572787906,1604.0314883809683,2445810
2023-03-02,1617.3028564453125,1627.0261292015273,1611.198135879445,1618.1875954258626,1314419
2023-03-03,1608.4908447265625,1629.344094381176,1594.7242547430099,1627.716204943654,1619806
2023-03-06,1598.846923828125,1608.8975438613556,1589.6721865864988,1608.6144749591613,2064586
2023-03-07,1582.1785888671875,1607.216634474837,1581.9131240019456,1597.8207118502758,2278539
2023-03-08,1566.3594970703125,1580.0905542082128,1558.1313820221521,1574.8529689907766,2276370
2023-03-09,1566.005615234375,1579.258987100969,1539.4457353253144,1564.218425319055,2761150
2023-03-10,1548.29296875,1575.7198727678572,1548.29296875,1549.681961207526,2116082
2023-03-13,1558.9100341796875,1570.411640561263,1547.4084277981121,1549.1779057029698,2056043
2023-03-14,1562.448974609375,1574.729155468222,1538.1186536570772,1560.484880074403,2370492
2023-03-15,1549.107177734375,1579.1528782366781,1548.3993433666824,1573.3932189707261,1921253
2023-03-16,1550.0538330078125,1565.9879906373208,1538.5699383565302,1539.4458213044848,1764624
2023-03-17,1541.2152099609375,1571.1990251400252,1535.9067764019446,1565.9878999029045,2702291
2023-03-20,1530.2445068359375,1552.716898361007,1528.82894607853,1549.1779424673068,2049093
2023-03-21,1570.41162109375,1580.011017008533,1525.2633669908953,1535.0220634352993,3114182
2023-03-22,1568.95166015625,1586.3368006254163,1562.0507617412468,1574.8351952667267,1533026
2023-03-23,1570.2877197265625,1584.6647272968255,1561.5730628917358,1562.4489457898342,1735566
2023-03-24,1573.6143798828125,1578.0203625540262,1562.4489787038221,1565.1739357774911,1276996
2023-03-27,1564.0325927734375,1573.5965639888395,1553.6014867278343,1573.5965639888395,1529555
2023-03-28,1576.427734375,1583.682549782804,1561.5817904742707,1565.987772690259,1726135
2023-03-29,1583.6826171875,1592.530006110335,1579.320806928387,1591.6452672180517,1539299
2023-03-30,1592.530029296875,1596.9537238226997,1573.9505122884116,1586.3368569607205,1925701
2023-03-31,1610.2247314453125,1634.997419621394,1609.339992581881,1614.6484257624697,2744633
2023-04-03,1594.3614501953125,1617.0993056980462,1592.6008283490373,1614.648561560169,2141743
2023-04-04,1605.4383544921875,1605.9515721821442,1581.0284381136219,1603.1469109467728,2006626
2023-04-06,1589.8404541015625,1606.5974658173832,1582.1078443912088,1596.9537897528758,1487422
2023-04-07,1584.5584716796875,1597.8472668839097,1582.2138920570446,1588.10628321425,1352468
2023-04-10,1567.4918212890625,1584.4611604279462,1542.9845976571482,1584.4611604279462,2941822
2023-04-11,1544.3116455078125,1586.3367404156447,1542.9845372475652,1586.3367404156447,2920919
2023-04-12,1498.836181640625,1548.293108831367,1497.7036899037942,1545.8689328324251,5110492
2023-04-13,1524.4051513671875,1524.9271170872194,1489.9091896927605,1495.2087671564404,2954268
2023-04-14,1515.9293212890625,1533.2524695723678,1508.3028765105687,1527.0592974506098,2123162
2023-04-17,1550.9473876953125,1550.9473876953125,1528.8289138262976,1539.4457812834248,3046723
2023-04-18,1555.370849609375,1565.1029766547124,1544.7716957982354,1550.947155497858,1831389
2023-04-19,1556.2557373046875,1562.0065401997872,1548.2930871422418,1558.9099540255029,1460056
2023-04-20,1541.1090087890625,1561.5641679609791,1529.7135673680073,1557.2377817537244,1988537
2023-04-21,1526.5904541015625,1546.5943883288307,1522.8834498287385,1544.7541702363983,1851787
2023-04-24,1508.4798583984375,1523.5204200364278,1504.9409027189104,1522.635681116546,2023091
2023-04-25,1530.9344482421875,1535.8889643078119,1505.8255548235297,1509.3645102990256,2058251
2023-04-26,1542.9049072265625,1558.0250634339884,1521.7507717810677,1542.9845034803384,2789160
2023-04-27,1555.30029296875,1565.9879003235983,1530.5983432541384,1546.5236439353955,2560504
2023-04-28,1557.6005859375,1577.28602697346,1551.80550279194,1559.803577215653,2622464
2023-05-04,1548.20458984375,1572.7738058552347,1535.906697794747,1565.1030808749467,2746642
2023-05-05,1548.29296875,1562.4487901785715,1536.251686107363,1562.4487901785715,2071421
2023-05-08,1522.2110595703125,1565.103186136436,1519.247205718967,1564.5015161365875,3317126
2023-05-09,1523.520263671875,1539.4278505386376,1510.3110654335924,1517.3270918683309,2937796
2023-05-10,1526.174560546875,1535.9066881793478,1517.3271717900816,1517.495220336292,2077260
2023-05-11,1519.1585693359375,1535.021985268697,1517.3272073405276,1531.4830296830633,1524612
2023-05-12,1509.718505859375,1530.4921582994355,1508.488705807724,1517.3272389268086,1946045
2023-05-15,1518.4774169921875,1519.0966910219327,1496.2703842059693,1505.8256075243619,2574018
2023-05-16,1506.967041015625,1521.7421382835205,1501.401998458865,1516.4337045824284,2222377
2023-05-17,1504.94091796875,1515.557785114914,1503.180296140373,1511.134090470679,1677691
2023-05-18,1496.0936279296875,1508.8338909503327,1495.208888942148,1508.4711177253394,1921928
2023-05-19,1503.61376953125,1507.887019563647,1464.7295378441318,1478.3987107306375,2674116
2023-05-22,1544.7542724609375,1550.06270638692,1495.2088891517665,1495.2177451816722,4128432
2023-05-23,1525.7764892578125,1551.8320062538958,1525.7764892578125,1551.8231502250064,1689421
2023-05-24,1513.6998291015625,1533.7391870976292,1513.0008507996015,1532.6597235426075,1847927
2023-05-25,1504.94091796875,1512.903568328373,1495.208789751433,1509.355756583668,2246560
2023-05-26,1495.704345703125,1508.4799244252392,1481.946611696639,1505.8257075494178,1829110
2023-05-29,1494.3238525390625,1502.5961388260514,1484.5917256131124,1501.4017630306626,1777141
2023-05-30,1476.0010986328125,1503.0740874569633,1467.392606389089,1494.3240067487,2645340
2023-05-31,1441.1512451171875,1473.727284557495,1439.1782946101225,1469.560198813867,3695697
2023-06-01,1447.362060546875,1481.9287609034625,1431.507501012763,1431.507501012763,2864525
2023-06-02,1478.044921875,1480.3010494794682,1447.5302830228375,1455.3956255336375,2505802
2023-06-05,1473.09033203125,1488.90946856551,1471.3208541549363,1474.1166594396125,1620050
2023-06-06,1474.850830078125,1489.900246792944,1461.190513859811,1477.5139026984657,1991392
2023-06-07,1460.615478515625,1485.2997155423989,1459.8191919017895,1480.159330668926,1788964
2023-06-08,1475.74462890625,1481.937801809334,1459.828183185354,1464.9773165646145,1470272
2023-06-09,1473.97509765625,1484.5653970176431,1473.97509765625,1479.274675351732,1758041
2023-06-12,1500.5172119140625,1511.1340789794922,1470.0114311594516,1473.9927563089877,2702944
2023-06-13,1503.1712646484375,1508.1346364998603,1490.7849210904162,1498.6414061815178,1466254
2023-06-14,1527.8380126953125,1534.3496784515912,1509.5504195942076,1520.8662654018447,3150580
2023-06-15,1552.716796875,1553.29189877021,1524.4051515758547,1530.8991049762465,2522257
2023-06-16,1590.486083984375,1592.529882507091,1548.3813936086312,1554.486113091644,3791789
2023-06-19,1542.9847412109375,1590.716364747221,1537.6763074682394,1583.6827332382902,3169992
2023-06-20,1542.5068359375,1561.5641462541653,1535.02197946231,1539.445673927619,2094674
2023-06-21,1535.7562255859375,1554.1322690972258,1535.0219312079064,1539.4456255341538,1772061
2023-06-26,1512.0186767578125,1530.5981923879554,1499.632333004384,1521.848112304956,2399268
2023-06-27,1513.8326416015625,1521.48554720979,1504.135829153994,1512.8947664632356,1517446
2023-06-28,1529.1650390625,1534.137267408481,1513.7882725120594,1515.717050852833,1857356
2023-06-29,1516.1859130859375,1535.0131833857072,1515.5666390367487,1531.4830837045452,1423116
2023-06-30,1519.0616455078125,1535.2224404031995,1515.0012148118526,1527.146538949309,2045869
2023-07-03,1548.7957763671875,1549.8558437816455,1519.959683731612,1526.2479330141894,1913909
2023-07-04,1554.635009765625,1558.0845332746844,1543.3880081703312,1548.8857308116094,1247238
2023-07-05,1540.96240234375,1555.8655220679511,1527.1462163063613,1554.0958554176502,1474539
2023-07-06,1529.8233642578125,1556.7909903022132,1527.1463840240983,1535.3750387741259,1514062
2023-07-07,1518.190185546875,1535.2223246891838,1518.1632095860907,1528.0447452697872,1516742
2023-07-10,1527.9549560546875,1540.585298452502,1527.1464448286906,1531.6380520193634,1347741
2023-07-11,1536.1295166015625,1540.7738774825693,1529.0327559674606,1536.1295166015625,1258270
2023-07-12,1539.543212890625,1547.8077256587687,1537.3242757589824,1538.8604798744843,1328467
2023-07-13,1561.6419677734375,1567.939209657216,1544.2235023998262,1546.9004826677674,2580654
2023-07-14,1574.7574462890625,1579.6982140897412,1564.1572096897103,1577.4524105439782,1855030
2023-07-17,1554.0692138671875,1572.9609412673547,1551.0418748085938,1572.9609412673547,1433648
2023-07-18,1547.628173828125,1558.1474824812847,1546.0111514217422,1557.3119953176993,1473765
2023-07-19,1547.8077392578125,1552.299346162217,1539.5432264170568,1540.6301601972436,1248322
2023-07-20,1548.7060546875,1571.1461051503356,1546.9094119326421,1552.2903482107718,1669265
2023-07-21,1591.19677734375,1592.274719185913,1550.5027730972558,1555.784907440608,3937740
2023-07-24,1591.061767578125,1591.061767578125,1572.5293950622215,1572.5293950622215,1971337
2023-07-25,1642.6256103515625,1642.922016931228,1616.9694989920179,1616.9784909785265,4308646
2023-07-26,1642.6256103515625,1649.3090688115885,1630.525137970377,1642.6256103515625,1961145
2023-07-27,1651.1417236328125,1666.1975992014522,1642.7603147159873,1649.3181048568183,2034043
2023-07-28,1704.11572265625,1706.8106868987215,1642.1405370662133,1645.7248307360305,3901792
2023-07-31,1689.3651123046875,1738.2517992840449,1683.4541973427906,1713.9971230149652,4537861
2023-08-01,1696.9290771484375,1713.0539019641863,1686.9487398325246,1687.0565340111755,1923062
2023-08-02,1688.84423828125,1697.827452314661,1676.9864396204973,1691.8985529842846,1850872
2023-08-03,1687.4697265625,1697.8273983317072,1662.3437040279491,1679.8609708361334,2154347
2023-08-04,1700.9444580078125,1712.667595197407,1690.6407386973087,1695.8689205747366,2457364
2023-08-07,1695.968017578125,1705.014066085807,1680.7863635511649,1689.697641913308,2389245
2023-08-08,1697.827392578125,1701.1601297765812,1674.5428631457546,1688.8711548199415,1773618
2023-08-09,1698.0791015625,1711.3023670253883,1691.5033271214575,1697.8275452377868,1852346
2023-08-10,1684.3525390625,1696.9290380208333,1672.9439017279308,1690.6407885416668,1843619
2023-08-11,1647.521484375,1693.6952272973379,1647.413690190929,1693.3358767976417,2678649
2023-08-14,1619.6734619140625,1639.4185484690397,1613.3852122005858,1625.9617116275392,2373119
2023-08-15,1628.638671875,1633.1482627310709,1617.8857913146312,1625.0633703413132,1481799
2023-08-16,1634.9449462890625,1637.9543010442385,1622.3684467022235,1623.7877550357236,1318431
2023-08-17,1642.176513671875,1647.5214822509417,1618.3709960711935,1622.4403087584158,1729037
2023-08-18,1619.30517578125,1648.410811685117,1619.30517578125,1645.7158474284327,1702334
2023-08-21,1608.8935546875,1629.5459539674634,1608.0580675735746,1610.6901974063023,1891181
2023-08-22,1606.1986083984375,1619.2782201721964,1590.9451290922077,1617.867794213629,2665036
2023-08-23,1593.6221923828125,1616.9785492046576,1590.100732954196,1614.283584955983,1991222
2023-08-24,1631.6212158203125,1642.1315324215866,1594.5204978382474,1598.670738353328,2605509
2023-08-25,1639.418701171875,1650.9082678806537,1622.377569179075,1624.8749291873376,1883086
2023-08-28,1648.392578125,1705.5347817698791,1645.6167960652472,1705.5347817698791,4105213
2023-08-29,1663.089111328125,1679.0343141967605,1642.1313151473732,1642.1313151473732,2895028
2023-08-30,1667.284423828125,1678.064280016669,1656.1991690852487,1677.974469813438,1981181
2023-08-31,1659.1995849609375,1670.8777628734942,1653.8186486800523,1670.8777628734942,1482022
2023-09-01,1662.8380126953125,1675.7917382031815,1658.3284213386012,1664.4369415828771,1314519
2023-09-04,1676.2677001953125,1688.790247634708,1665.0656588705374,1673.2133855623176,2387100
2023-09-05,1669.7098388671875,1678.0642712329252,1668.0031160396293,1678.0642712329252,1565874
2023-09-06,1671.776123046875,1676.860652868063,1661.0052582487056,1669.0811588506683,1112143
2023-09-07,1651.11474609375,1668.0840506312702,1644.9971246759571,1664.2302167044954,1698157
2023-09-08,1633.597412109375,1648.3657628030674,1630.4083273810345,1648.3657628030674,1221178
2023-09-11,1636.8944091796875,1652.9114408935034,1624.1651549649207,1624.1651549649207,1592600
2023-09-12,1634.908935546875,1641.2151691485428,1631.3696019632443,1640.8738026395008,1216801
2023-09-13,1634.8641357421875,1643.8563417616604,1617.0234858321114,1643.8563417616604,1950143
2023-09-14,1633.76806640625,1641.2151857756464,1622.3684206711077,1637.2176994773195,1750459
2023-09-15,1600.7996826171875,1634.7472821373087,1600.1798935105135,1634.0465651536485,2843146
2023-09-18,1643.2093505859375,1643.4788908511728,1592.7237351621368,1595.6972314323245,3255892
2023-09-19,1641.17919921875,1643.0297938861543,1624.165045022508,1636.9211646764822,1498950
2023-09-20,1638.5382080078125,1643.9281363236275,1633.1932396246445,1636.741565235874,1250178
2023-09-21,1615.5322265625,1636.7415815374686,1615.5322265625,1633.1572879444227,1948919
2023-09-22,1660.9962158203125,1661.8585692462307,1610.1602401140171,1622.0360223266434,3439046
2023-09-25,1646.066162109375,1660.097937912539,1640.8648461417943,1659.6487772150517,1397913
2023-09-26,1631.3514404296875,1648.311750540313,1628.7462867924837,1642.1312957629234,1576196
2023-09-27,1629.5550537109375,1647.0723213776207,1619.4938976836802,1630.4533751297417,2087994
2023-09-28,1615.6759033203125,1639.4184751247415,1615.0021623097248,1639.4184751247415,2053784
2023-10-09,1596.3170166015625,1614.2294914337713,1585.4473503504114,1614.2294914337713,2976268
2023-10-10,1590.0289306640625,1616.0622681529846,1588.2322878045552,1601.608307052593,2028392
2023-10-11,1597.6646728515625,1603.1893716109228,1588.2322977799058,1603.1893716109228,2194486
2023-10-12,1604.4019775390625,1615.388430422224,1596.496705566899,1615.092023845157,1486507
2023-10-13,1572.960693359375,1597.224361942231,1561.4531441602892,1590.8193262916745,2502788
2023-10-16,1554.006103515625,1577.4522684903284,1547.3135437569074,1572.9426778311963,2078965
2023-10-17,1550.5028076171875,1562.5761951517188,1541.5195932045735,1562.180986353586,1494523
2023-10-18,1552.2994384765625,1564.8759385568123,1542.5796488070844,1544.034925144321,2031750
2023-10-19,1464.2637939453125,1527.1732641222104,1460.6974845197853,1527.1462881638229,7349237
2023-10-20,1477.7386474609375,1486.721861123314,1451.911908181605,1464.2638269673728,4537601
2023-10-23,1476.8223876953125,1491.2135139718748,1456.717950512176,1464.2368961932775,2523423
2023-10-24,1475.8970947265625,1485.2486511698041,1456.3675963365404,1480.4336616428832,2986146
2023-10-25,1506.9342041015625,1525.3497934810453,1497.5198130275382,1500.295595551612,3617898
2023-10-26,1502.199951171875,1516.366496949976,1493.019132940815,1497.501747876546,2238635
2023-10-27,1506.224365234375,1519.851939677441,1491.752421352963,1494.8067358940355,3426239
2023-10-30,1510.078369140625,1517.1571466077623,1499.2985116571704,1499.2985116571704,2408642
2023-10-31,1513.294189453125,1518.1631308052656,1498.2652903248716,1509.1799170135187,1985877
2023-11-01,1599.9013671875,1661.894533673021,1593.4334971900666,1661.894533673021,9314308
2023-11-02,1598.56298828125,1612.4869704775745,1595.4728151911195,1612.4869704775745,2790764
2023-11-03,1627.07568359375,1630.3545787156913,1593.6222026114867,1599.012131143431,3017600
2023-11-06,1627.75830078125,1638.3495446833028,1617.9845600193635,1634.9448716456263,2552392
2023-11-07,1609.0462646484375,1625.9616159048446,1602.6770874310077,1621.4700092310743,1958159
2023-11-08,1615.4871826171875,1620.3920917460482,1601.5901776785458,1602.6502451191034,1454567
2023-11-09,1611.6873779296875,1616.08018269145,1601.707040432938,1608.0940923650596,1280048
2023-11-10,1595.2750244140625,1606.1986432064327,1592.8136325813712,1599.5061927230881,1646557
2023-11-13,1584.6390380859375,1603.3959943516572,1578.3328039604587,1592.077166011291,1836995
2023-11-14,1585.7799072265625,1594.511565312468,1581.0547276756413,1584.639021451492,1281675
2023-11-15,1592.6610107421875,1601.6082568111842,1587.3339165811692,1598.1137734000567,1843486
2023-11-16,1581.0906982421875,1595.4188813822404,1581.0906982421875,1593.622238497801,1255757
2023-11-17,1575.134521484375,1580.1471146963972,1561.1925578218757,1573.8588658033473,2171363
2023-11-20,1583.291259765625,1589.5795087405806,1560.0786685395578,1576.5538501496012,1860804
2023-11-21,1607.995361328125,1615.1819327754015,1590.1187429213492,1602.084445789756,3009845
2023-11-22,1600.36865234375,1611.9030690370903,1599.4973068567958,1601.9766828270997,1266457
2023-11-23,1604.4019775390625,1606.198620291066,1590.9271568990366,1597.4849468071977,1154964
2023-11-24,1596.3170166015625,1607.0968726506446,1594.5203739267156,1607.0968726506446,1308540
2023-11-27,1583.7406005859375,1592.9933547079563,1576.5540295112423,1592.9933547079563,1626074
2023-11-28,1589.16650390625,1593.5143487214345,1579.2490006883809,1581.9439648533782,1451976
2023-11-29,1594.2598876953125,1595.4187573563684,1579.248972653432,1588.2321863772854,1714933
2023-11-30,1609.3427734375,1612.2713099474884,1590.9990111396128,1596.0655569484572,2135342
2023-12-01,1581.2972412109375,1607.7257869668995,1570.265827955119,1607.3755381156393,3305131
2023-12-04,1572.7001953125,1582.6895247176458,1567.8223716053842,1581.2971923672737,1844047
2023-12-05,1535.2310791015625,1571.056136404556,1534.3507417858589,1570.9663262075503,2990301
2023-12-06,1529.8414306640625,1544.6367586402598,1528.161573937455,1529.5090561136124,2385129
2023-12-07,1527.1463623046875,1535.3030810451594,1515.737724520231,1530.7396478630515,2504150
2023-12-08,1531.566162109375,1535.0875118191066,1520.1574145243362,1527.1463813404807,2628801
2023-12-11,1525.349853515625,1530.7397823266342,1488.5186733070616,1518.1632817676127,3683098
2023-12-12,1536.12060546875,1536.12060546875,1512.7732410029012,1516.0071761185009,2101066
2023-12-13,1491.2135009765625,1532.2847284324378,1488.5903630520475,1531.8355677393724,3878870
2023-12-14,1469.5640869140625,1500.08004035487,1468.7735596490768,1496.5675727692465,4067215
2023-12-15,1477.7386474609375,1507.1766561778845,1476.849318081032,1480.640207928546,3709251
2023-12-18,1493.010009765625,1494.2047376249493,1468.755334516725,1473.246941044299,1989734
2023-12-19,1504.688232421875,1509.0630529262237,1477.8194106538083,1495.7050190939833,2220676
2023-12-20,1499.1417236328125,1508.4193759859359,1492.971707677646,1506.602003243784,2309203
2023-12-21,1517.5062255859375,1519.6143291408341,1490.2547304446648,1490.2547304446648,2901168
2023-12-22,1518.0968017578125,1525.775156686477,1506.6109935205698,1517.2334832115441,2166684
2023-12-25,1519.323486328125,1525.3207936946962,1515.6887411455218,1518.4148000324742,1247106
2023-12-26,1517.5062255859375,1521.9588109475321,1506.1476460531087,1519.7779414925033,1477126
2023-12-27,1514.834716796875,1524.003330991133,1509.3280242837213,1515.688828720799,1605550
2023-12-28,1567.474853515625,1570.200912557804,1514.834715528377,1518.405790756401,3833806
2023-12-29,1568.392822265625,1589.8196089547969,1562.9407035323725,1562.9407035323725,2753868
2024-01-02,1531.1455078125,1561.2956570618421,1524.8664544349292,1558.3970010146627,3215644
2024-01-03,1539.314697265625,1540.4232680056214,1523.2581693161865,1527.6017167483233,2022929
2024-01-04,1516.5972900390625,1538.4057591588573,1511.0816135305695,1538.4057591588573,2155107
2024-01-05,1511.4725341796875,1525.3754798913649,1501.2498126045214,1509.6278742426757,2024286
2024-01-08,1493.8712158203125,1510.2366653335876,1490.2546620109156,1509.3279790126887,2558620
2024-01-09,1491.1541748046875,1501.440454614255,1485.7656163964728,1491.163270541312,2441204
2024-01-10,1491.608642578125,1507.9286139182045,1488.428240355144,1491.2451458536304,1735067
2024-01-11,1496.2156982421875,1506.5474580448083,1488.4828791240561,1490.336523928943,1644055
2024-01-12,1493.0263671875,1500.4775514854969,1489.700543821215,1490.2184462758455,1160324
2024-01-15,1490.24560546875,1503.848613428706,1485.2023518856704,1485.7021737447599,1785403
2024-01-16,1489.7276611328125,1496.6063677629486,1476.5606943175146,1488.8825340495393,2590314
2024-01-17,1432.99853515625,1486.1385011344903,1432.99853515625,1481.1589171240885,5163276
2024-01-18,1463.775634765625,1465.5294482977058,1413.507152678353,1430.2723721373206,6043981
2024-01-19,1485.7022705078125,1488.437425457684,1454.6978948409494,1461.9582903348614,4637843
2024-01-22,1492.0628662109375,1492.971552487558,1471.0540439324152,1480.2499446148704,4694589
2024-01-23,1471.163330078125,1490.2002664159816,1462.0764657786924,1482.9853494055776,3483490
2024-01-24,1477.52392578125,1484.647995324189,1457.1330584252453,1480.2499846849055,3321635
2024-01-25,1488.4283447265625,1491.1544039659884,1473.8893621162908,1478.2691818212359,3120580
2024-01-26,1487.810302734375,1493.9712228792705,1474.79796286045,1481.485881161847,2695475
2024-01-29,1499.3323974609375,1508.9462585982137,1490.5090889690139,1490.5181847059184,3142068
2024-01-30,1465.7110595703125,1499.3142625186952,1462.9850005630522,1499.3142625186952,3086633
2024-01-31,1458.3597412109375,1472.0444990249161,1452.1988215579881,1465.710982220622,2964912
2024-02-01,1463.0123291015625,1475.606708760033,1454.806864636253,1458.8959532626511,2648515
2024-02-02,1450.263427734375,1479.1415068205808,1436.6331323609315,1467.5284685407366,3938202
2024-02-05,1481.1678466796875,1487.9193241449725,1449.5819002703654,1450.263415033069,5313036
2024-02-06,1522.95849609375,1531.5728259253046,1477.615019878546,1481.1680149704148,5247204
2024-02-07,1554.753173828125,1558.0244223449988,1509.8822396009268,1527.52896759594,5260107
2024-02-08,1550.2191162109375,1567.484159123017,1531.1367003607443,1562.9498225163147,4675654
2024-02-19,1540.6141357421875,1579.2333053302987,1533.862547405447,1579.1787309063632,3697744
2024-02-20,1517.5062255859375,1542.3678711565578,1505.2935341155815,1542.3678711565578,3447007
2024-02-21,1560.814208984375,1572.9360536948466,1510.2366962685355,1513.8896331011529,4615407
2024-02-22,1561.468505859375,1565.6757282350682,1545.2484761636144,1551.5819936095618,2279361
2024-02-23,1557.570068359375,1566.9204858786377,1544.7849009292745,1554.8622009341086,2730589
2024-02-26,1540.205078125,1552.7086104146285,1531.1545981248635,1552.0361914304044,2731832
2024-02-27,1535.2255859375,1538.3333331821727,1524.7756929287511,1529.3191246716854,2207985
2024-02-28,1528.0015869140625,1541.6499628108093,1521.150056291514,1534.6986009235231,3186731
2024-02-29,1540.223388671875,1541.5864182193723,1525.8660997354527,1528.0016014321013,2475833
2024-03-01,1531.191162109375,1540.1961644900136,1523.5763656221186,1535.6800196928255,2686796
2024-03-04,1523.23095703125,1527.4926427250832,1517.5516674028206,1525.6843657812813,2648477
2024-03-05,1540.314208984375,1542.040735233298,1514.489413920499,1518.2422929811996,3623837
2024-03-06,1527.0928955078125,1540.223368944407,1524.7938924121424,1536.5886235309688,2214248
2024-03-07,1529.8916015625,1535.4982362659855,1524.7756929828295,1526.5930656800676,2159912
2024-03-08,1518.8056640625,1532.6631308021513,1517.5516724714093,1527.1019748163642,2215623
2024-03-11,1539.760009765625,1543.7491563742835,1520.3959602530665,1522.0497206954237,2989509
2024-03-12,1585.65771484375,1589.38330677413,1536.134307703931,1539.2601355717995,5422654
2024-03-13,1569.710205078125,1588.3837541082885,1563.031382530187,1581.0869760303883,2649954
2024-03-14,1559.8780517578125,1576.42519255634,1555.21648694807,1562.0316336919266,1940479
2024-03-15,1560.65966796875,1574.208212137615,1555.6709889167328,1556.1253320793837,1783358
2024-03-18,1552.2725830078125,1562.8042269484426,1543.8581383709352,1558.3971202508264,2605501
2024-03-19,1552.0545654296875,1562.8860363457813,1538.5060201230303,1547.4929419458122,2394753
2024-03-20,1553.490234375,1557.1977458473852,1544.9758473145396,1547.8200401599033,1524925
2024-03-21,1552.9449462890625,1562.0318096377405,1548.8558577821575,1552.1271064029565,1659597
2024-03-22,1545.993408203125,1552.93578481849,1533.8624683308485,1549.3374225802866,2545614
2024-03-25,1534.7803955078125,1543.6491834733288,1527.1201204982997,1543.440203353172,2447285
2024-03-26,1553.20849609375,1556.3979939933172,1533.3718024728491,1533.3718024728491,2806907
2024-03-27,1545.675537109375,1555.6710873199588,1543.8581643438142,1549.3102826404963,1811258
2024-03-28,1546.2569580078125,1561.1230524608075,1538.587588009271,1540.2232677072575,2464218
2024-03-29,1547.402099609375,1554.7533415593696,1543.5310866543116,1546.2571458664052,751980
2024-04-01,1564.1490478515625,1575.662143933804,1552.6723347191826,1553.8445756159397,2713137
2024-04-02,1557.479248046875,1567.4747975110658,1549.3556456347715,1564.7578343033256,2544925
2024-04-03,1558.4969482421875,1580.605246010814,1553.8717660291716,1575.662045777204,2904580
2024-04-08,1514.47119140625,1541.1320172978228,1510.7818716592374,1540.2233309668688,5916659
2024-04-09,1510.4366455078125,1520.2323112900979,1507.0108801129525,1509.0282481752604,2558982
2024-04-10,1497.4969482421875,1512.9537122899812,1494.7890806038288,1510.4821119820217,2763050
2024-04-11,1497.5152587890625,1499.3326316759424,1485.4205889835303,1490.3457094394846,2276624
2024-04-12,1484.8209228515625,1512.0542287023716,1484.8209228515625,1500.2413050406342,2674433
2024-04-15,1520.214111328125,1522.6039609272775,1485.684029136536,1485.711316349411,3581771
2024-04-16,1517.5062255859375,1526.1933204559866,1507.510675597048,1513.4080412166024,2626623
2024-04-17,1514.7801513671875,1522.2313350968434,1506.601974185241,1515.6888377207372,2481911
2024-04-18,1518.215087890625,1529.3010175856696,1506.7656614513623,1507.5198312297998,2656841
2024-04-19,1496.2794189453125,1516.1432907624762,1491.4088730481853,1509.1282582264103,2349992
2024-04-22,1522.104248046875,1525.5753811827067,1494.7890824518593,1502.9672598026598,2995139
2024-04-23,1537.7518310546875,1540.2234314144007,1522.049703610101,1522.049703610101,2497995
2024-04-24,1538.9510498046875,1544.6849134307902,1529.6188240329766,1542.0224138444453,1708643
2024-04-25,1538.4422607421875,1540.7684399474083,1528.6375002487493,1535.9796454861141,1447648
2024-04-26,1553.3358154296875,1557.4884634014372,1539.296544231663,1539.3147357071382,3099592
2024-04-29,1548.4014892578125,1570.2099609375,1539.1510137139508,1541.995206332455,4133223
2024-04-30,1549.3101806640625,1571.9183008165041,1549.3101806640625,1549.3192764011822,3075989
2024-05-06,1599.4697265625,1603.8314655691943,1569.301383024362,1575.634900490519,5990949
2024-05-07,1608.3748779296875,1615.4626759984903,1596.2712242648847,1604.5493438003427,2492452
2024-05-08,1602.895263671875,1608.347381191879,1595.353234323372,1608.0929224192778,1476909
2024-05-09,1595.6533203125,1603.8133064464992,1590.2012019059653,1597.4706931146782,2238734
2024-05-10,1580.1873779296875,1606.448435741665,1575.6530418976956,1600.2875156406599,2620661
2024-05-13,1550.2191162109375,1574.4447285346118,1545.875568267172,1573.8631558835787,3766212
2024-05-14,1546.56591796875,1556.8250219693678,1544.7758325483499,1550.2097589688829,2127417
2024-05-15,1544.7667236328125,1552.036214096967,1543.4854448798912,1547.1110943749986,1573876
2024-05-16,1548.8558349609375,1553.7445718074393,1535.679883299492,1549.310178121677,2967954
2024-05-17,1558.3970947265625,1559.832779231181,1544.766799437409,1544.775895174825,2892388
2024-05-20,1552.9449462890625,1574.744322588651,1552.136202140195,1561.114027565634,3142572
2024-05-21,1549.3101806640625,1553.6082492239314,1543.0947972735614,1552.0362396329729,1629339
2024-05-22,1542.685791015625,1553.8171982493468,1536.5885414060185,1547.492777063542,2028568
2024-05-23,1537.5064697265625,1550.5642887318268,1535.752656185059,1544.76686511873,1888497
2024-05-24,1523.939697265625,1540.223396946379,1523.8670422885411,1538.4060242066191,2021663
2024-05-27,1517.6151123046875,1533.3626054674914,1515.6977975814134,1524.7755645656953,2509791
2024-05-28,1512.6356201171875,1522.2041137585556,1511.1453612306352,1517.869662232622,2352087
2024-05-29,1521.140869140625,1526.592986951165,1512.9626924248153,1513.871378726572,1965128
2024-05-30,1498.423828125,1522.3949790664556,1498.423828125,1522.0496738079898,3220792
2024-05-31,1497.924072265625,1511.5998471427422,1497.924072265625,1499.786923780641,2185665
2024-06-03,1489.69140625,1500.1685870330296,1485.8022018477027,1499.3325556149669,3026105
2024-06-04,1502.240234375,1504.7846005327913,1487.1106953368055,1490.699962061621,2084108
2024-06-05,1493.88037109375,1507.219935622565,1492.998971949021,1501.149861950654,1905557
2024-06-06,1490.072998046875,1501.140735533079,1486.5290991418387,1493.5714182655342,2561005
2024-06-07,1471.326904296875,1495.8614372692703,1471.1723876752815,1495.8159585794976,3352455
2024-06-11,1425.72900390625,1458.441715276948,1423.9116310523225,1456.6152466848598,7024676
2024-06-12,1428.164306640625,1444.8113928766793,1426.637664664394,1426.637664664394,3317050
2024-06-13,1413.016357421875,1432.898419020015,1411.32621413674,1432.7893810959297,3618597
2024-06-14,1413.0072021484375,1421.1489959334256,1381.6211417254144,1413.0072021484375,5951416
2024-06-17,1400.739990234375,1407.346157660393,1373.0341526585432,1392.371024555716,4831816
2024-06-18,1382.5662841796875,1412.5893167368956,1378.1864647706734,1391.0988623334063,4125825
2024-06-19,1392.190185546875,1394.972710901066,1374.6602531712226,1389.3983760504705,4126153
2024-06-20,1391.3553466796875,1406.112037221675,1389.40760165806,1391.2626184827038,2471068
2024-06-21,1364.3648681640625,1395.881585752413,1363.6413844327267,1391.7263661999837,4331997
2024-06-24,1369.5125732421875,1381.0507233914336,1311.5061616781993,1319.8444531360963,6383993
2024-06-25,1378.88037109375,1394.035826489415,1369.9298924830423,1369.9298924830423,4209795
2024-06-26,1381.2640380859375,1392.254990027929,1370.67196457497,1372.712437775058,2956977
2024-06-27,1382.4420166015625,1385.6697277894762,1361.5823612823947,1383.842563374205,3282178
2024-06-28,1361.0164794921875,1386.1519329150005,1357.8722126264022,1372.7123460977289,3858202
2024-07-01,1335.9644775390625,1366.2105111517697,1324.481919672992,1362.3984654316957,3216138
2024-07-02,1382.6365966796875,1389.4074526519973,1329.1194123166304,1329.1194123166304,5185298
2024-07-03,1391.2625732421875,1403.3294663518072,1380.1510409392913,1390.335064860026,3157326
2024-07-04,1378.0362548828125,1402.3926333531124,1373.7604549510024,1395.9000748653664,2437973
2024-07-05,1378.0362548828125,1378.0362548828125,1378.0362548828125,1378.0362548828125,0
2024-07-08,1317.06201171875,1352.0940243289504,1316.2643680305969,1338.394706274758,3952705
2024-07-09,1333.784912109375,1349.4226899180169,1307.8795530590724,1317.0619087289656,3362071
2024-07-10,1333.3768310546875,1359.616081141582,1330.9746158889343,1334.916526772229,2376322
2024-07-11,1356.100830078125,1362.5099453213754,1335.8069401826094,1344.8594319267197,2902014
2024-07-12,1371.617919921875,1378.6485060434295,1359.21713716396,1366.2291550021478,2338634
2024-07-15,1367.9820556640625,1380.1323921170836,1363.4372422124413,1363.4372422124413,1917626
2024-07-16,1369.00244140625,1374.5674919810722,1358.846269395697,1369.00244140625,2031644
2024-07-17,1392.56103515625,1394.0450258462379,1363.4558191097328,1369.095029020179,3431101
2024-07-18,1388.9530029296875,1405.1751145007802,1384.3340295795967,1390.7987354415313,2887039
2024-07-19,1415.025390625,1418.3273749450746,1376.4317788708013,1382.7388814127733,3894291
2024-07-22,1390.3350830078125,1419.0692749468385,1383.5179189541902,1414.4781536837074,2854321
2024-07-23,1349.5247802734375,1392.1901685157593,1349.5247802734375,1390.3351516356583,3094396
2024-07-24,1335.6307373046875,1357.5940740135673,1330.9746267667313,1345.0727099290023,2412255
2024-07-25,1326.7916259765625,1343.032308879903,1317.0713550055946,1335.6308091604542,2834656
2024-07-26,1319.0931396484375,1333.4973725203076,1308.6216466234837,1326.7915047888214,3235379
2024-07-29,1296.67529296875,1318.9076418262066,1296.6567246856166,1312.4243672604775,3086907
2024-07-30,1279.9522705078125,1289.4870837546732,1262.6171933638655,1285.5080366039897,5177904
2024-07-31,1318.2491455078125,1323.8049116800646,1273.5617416705936,1273.5617416705936,4327232
2024-08-01,1285.6751708984375,1317.062025782747,1284.3209315434513,1315.207008845025,3203810
2024-08-02,1285.0164794921875,1295.7013944753717,1274.0255274937917,1274.0255274937917,2192769
2024-08-05,1307.796142578125,1322.6269930001397,1285.0814706690828,1288.1978853409353,3773607
2024-08-06,1302.8709716796875,1320.7719286414836,1292.9559614773018,1318.9169118877735,2744433
2024-08-07,1312.88818359375,1318.9077042510087,1296.9350838749622,1303.6130992871886,2062221
2024-08-08,1326.9769287109375,1343.1991546714214,1306.8593260087787,1308.7143427951646,2513082
2024-08-09,1332.64404296875,1362.5097665592264,1332.64404296875,1354.1900438303237,3013849
2024-08-12,1331.9947509765625,1338.3945813904525,1323.1648531558028,1326.336972549097,1363203
2024-08-13,1319.853759765625,1330.9745766128651,1309.651167192286,1329.119559781349,1630843
2024-08-14,1310.8477783203125,1321.606854029681,1309.6605402943994,1319.8538494182742,1341431
2024-08-15,1323.4525146484375,1331.8928187004744,1302.1754124313254,1303.1771939953376,2303897
2024-08-16,1327.449951171875,1331.827876783524,1314.2886615760817,1323.359720726109,1645470
2024-08-19,1322.1075439453125,1353.123484293355,1321.699494587917,1328.1920535086995,2043279
2024-08-20,1319.5848388671875,1326.2722520054042,1311.4969920862618,1326.2443995778751,1859138
2024-08-21,1314.8173828125,1324.4634933002221,1313.0643782620887,1317.061994012649,1509165
2024-08-22,1307.833251953125,1317.0619151546214,1298.5210314771507,1313.3518815908055,1952729
2024-08-23,1312.4151611328125,1320.3082670309996,1304.1881657820943,1305.931886181698,1532046
2024-08-26,1309.641845703125,1320.642081613771,1301.4334191019955,1314.2793876496658,1562841
2024-08-27,1302.28662109375,1310.5693206160488,1299.5412325623208,1309.6418122504322,1365740
2024-08-28,1288.3092041015625,1304.0768473483058,1275.324086133656,1302.28670626824,3166351
2024-08-29,1310.8477783203125,1315.2070228819855,1279.9617006890974,1279.9617006890974,2747161
2024-08-30,1338.57080078125,1352.3721303776904,1303.1493091374393,1310.5693763780796,3873923
2024-09-02,1293.8741455078125,1333.7570044732863,1293.8741455078125,1326.336937689012,3413459
2024-09-03,1307.786865234375,1312.4058390259743,1292.0377904620575,1296.6567642536568,1788760
2024-09-04,1298.51171875,1316.3105500343868,1298.2705575159619,1300.3667354910715,1421109
2024-09-05,1303.0379638671875,1305.0042770834816,1295.7291933799743,1298.975472676202,1450295
2024-09-06,1296.6568603515625,1304.0769282219578,1296.6568603515625,1303.1494197381585,1032104
2024-09-09,1275.323974609375,1292.6776195167195,1270.7605927914924,1279.9708004763777,2863755
2024-09-10,1278.1065673828125,1292.0191932977198,1270.70506851148,1270.70506851148,1980284
2024-09-11,1279.961669921875,1285.4154241747399,1266.049043074898,1275.880610069179,2099577
2024-09-12,1238.279296875,1284.599007462138,1238.1401479844585,1279.9614659189533,4794831
2024-09-13,1209.591552734375,1235.44120770917,1203.256711025063,1234.5136992949738,5600511
2024-09-18,1175.060302734375,1205.7700893481465,1174.837709797266,1205.760805207331,4618531
2024-09-19,1169.588134765625,1199.1571081575423,1155.5177910683128,1170.5156431992218,5998821
2024-09-20,1172.2965087890625,1181.5530249091637,1159.413402964928,1170.0518976035714,3998184
2024-09-23,1170.0889892578125,1199.7321216453258,1169.272777332714,1176.0806573222058,4554969
2024-09-24,1273.097900390625,1273.4689263637463,1173.3814716145241,1191.9316380582786,10041281
2024-09-25,1297.584228515625,1323.5544632536075,1295.4601980866153,1298.5581576067948,7395380
2024-09-26,1418.1602783203125,1418.967206062319,1294.8016667986633,1298.4745636627983,9727806
2024-09-27,1511.0966796875,1511.0966796875,1451.8845735779653,1484.0134789845297,8792167
2024-09-30,1621.2845458984375,1632.3033492861389,1532.2437470390269,1569.3440798971146,15729341
2024-10-08,1598.0970458984375,1771.5411245885173,1558.3811842210837,1771.5411245885173,19470947
2024-10-09,1479.51513671875,1576.7643757180522,1474.738445524531,1576.7643757180522,12019684
2024-10-10,1521.1136474609375,1547.158040372455,1475.6657397014337,1504.6596588930524,7460342
2024-10-11,1488.6417236328125,1521.076665769297,1474.7383815337876,1498.2971179459344,4191471
2024-10-14,1485.859130859375,1503.147900535571,1466.5484563319521,1496.0710071138024,4481202
2024-10-15,1441.5799560546875,1484.9316903754639,1440.4298546761586,1483.0859576847001,4357143
2024-10-16,1412.1314697265625,1437.452493092912,1400.53761529531,1429.1790778111258,4666440
2024-10-17,1386.2540283203125,1426.1925942646167,1385.150347673434,1425.5804070202926,3945955
2024-10-18,1429.2904052734375,1454.1846983460136,1371.7477494818604,1384.7700032921755,6861930
2024-10-21,1417.974853515625,1437.610133415472,1410.9349834076081,1429.4851509668329,4200790
2024-10-22,1431.1453857421875,1447.0800290313716,1413.7081834530761,1415.8972027963503,3626913
2024-10-23,1453.869384765625,1462.6342936627982,1420.942837295654,1432.174950184073,4008846
2024-10-24,1439.678466796875,1460.8257032176639,1433.0097358693326,1447.8405858557292,2392280
2024-10-25,1445.846435546875,1460.6309782039168,1433.9372594846534,1434.8554837358738,2774508
2024-10-28,1451.550537109375,1451.550537109375,1411.8809877018577,1446.9129954572684,3912140
2024-10-29,1420.59033203125,1465.4631904551761,1419.0877730357086,1446.9130234873892,4116578
2024-10-30,1420.94287109375,1438.7417029722862,1412.975605626836,1414.4503122832693,3200574
2024-10-31,1417.0380859375,1428.3629272009393,1409.8127593152128,1421.0820089500396,2995735
2024-11-01,1422.5660400390625,1433.1210903939232,1410.554851281264,1410.7403076768796,3228392
2024-11-04,1435.968505859375,1437.6380663216653,1417.2885857161868,1432.9356483994961,2909292
2024-11-05,1462.67138671875,1463.3298814177651,1424.662112575529,1428.3628618416928,4564047
2024-11-06,1457.1156005859375,1473.8014665470428,1448.044541857316,1460.8256339419806,3763143
2024-11-07,1529.5911865234375,1533.6351094820002,1449.0463903406446,1449.1947101624583,7473872
2024-11-08,1493.2606201171875,1546.2584618534324,1484.9501813703619,1540.4893869773323,6077120
2024-11-11,1482.167724609375,1493.2421206881995,1453.581851984447,1474.738373181122,4385365
2024-11-12,1462.8662109375,1505.3461411709309,1459.8518086215386,1473.8108554039488,4922266
2024-11-13,1464.072021484375,1471.6405217927922,1448.1003538776433,1454.3331832039912,2912526
2024-11-14,1459.712890625,1478.8658501536036,1452.1536738712746,1456.1883131136772,2924814
2024-11-15,1445.985595703125,1466.3907805045803,1440.4205453027282,1455.2606797037865,3376112
2024-11-18,1445.985595703125,1461.7439543625496,1442.2755621028605,1448.7681209033235,2709219
2024-11-19,1430.1439208984375,1455.603983468847,1414.4504366060826,1451.5507759268978,3326643
2024-11-20,1432.82421875,1441.3201136588416,1420.2935719691538,1431.145374301743,2134455
2024-11-21,1433.12109375,1436.7012626752096,1420.9429036306344,1431.952424079654,1826179
2024-11-22,1398.5155029296875,1435.5695271252694,1398.5155029296875,1429.4294267615016,3343611
2024-11-25,1389.9361572265625,1420.942811607909,1388.1739819144811,1401.4651359918737,3318556
2024-11-26,1399.6102294921875,1408.77401736589,1380.9487642944748,1389.9362666903444,2574479
2024-11-27,1408.931640625,1411.8068939397685,1395.9001026835458,1399.6101361790502,2593417
2024-11-28,1407.9576416015625,1414.4409157551913,1393.1175083567502,1411.6676749127657,2395203
2024-11-29,1415.1365966796875,1442.275500361553,1403.514889751266,1407.03018266783,3608810
2024-12-02,1414.4501953125,1419.0784527955288,1405.2678402527824,1415.377703637295,2681954
2024-12-03,1416.064208984375,1418.0676588917615,1406.1769374352173,1413.5228449481388,2480662
2024-12-04,1409.812744140625,1413.2074565291207,1400.5376602975946,1409.8776199101812,2392389
2024-12-05,1401.465087890625,1407.8277814536004,1400.5375795597909,1401.3352231377605,1614147
2024-12-06,1410.7496337890625,1427.3427735131418,1398.7476155948623,1403.3202820616248,3203969
2024-12-09,1408.6998291015625,1418.8281485541356,1403.5056913890978,1411.68637903136,1979986
2024-12-10,1434.47509765625,1465.2127377546276,1433.1673924108525,1456.1880996853508,6031210
2024-12-11,1424.2818603515625,1442.2755457531161,1419.9967761206826,1428.3629199098384,2967112
2024-12-12,1452.292724609375,1452.478181004276,1418.1603695756946,1420.9614631103993,4193652
2024-12-13,1408.88525390625,1442.2662720296476,1408.7739574275495,1437.6472983317128,4951197
2024-12-16,1416.49072265625,1418.1602829933956,1401.1961188515806,1410.7402161105001,3253710
2024-12-17,1445.05810546875,1455.2606979977336,1410.749578376713,1415.3685521517089,5417163
2024-12-18,1457.579345703125,1462.6806415360027,1434.9481197275668,1445.0301307811503,4116226
2024-12-19,1438.5748291015625,1454.2683121698612,1437.944073564956,1451.6805274732758,2480932
2024-12-20,1433.7442626953125,1452.3961722934803,1431.8790947338678,1442.3448488445324,2815774
2024-12-23,1437.9361572265625,1448.8164568491886,1429.0341775294014,1434.686257335055,2160269
2024-12-24,1449.5888671875,1454.468546716555,1433.3579962986803,1436.5702938748357,2210492
2024-12-25,1441.2802734375,1449.570036039633,1437.60639876174,1449.570036039633,1712339
2024-12-26,1439.198486328125,1449.5512029355582,1434.6862059807331,1445.048351920187,1828651
2024-12-27,1440.31005859375,1446.9324397408704,1431.3892201733418,1440.2441682586693,2075932
2024-12-30,1436.5701904296875,1454.4307246556048,1436.5701904296875,1445.0200215910888,2512982
2024-12-31,1435.628173828125,1455.4104518139457,1433.7535766850071,1436.9470153588832,3935445
2025-01-02,1401.7156982421875,1436.0897520998674,1394.1795923376596,1435.628174812563,5002870
2025-01-03,1389.4696044921875,1408.30044098355,1381.9429274949987,1407.8388636702198,3262836
2025-01-06,1356.4991455078125,1377.8451989813707,1349.7166957770164,1368.7453183492025,4425512
2025-01-07,1356.6875,1367.6996952024467,1355.5571300439613,1360.8889574856346,2422118
2025-01-08,1358.8541259765625,1367.6336389531814,1343.9326681531593,1356.4990928292896,3525821
2025-01-09,1360.26708984375,1379.6536805166184,1349.8860857594045,1364.967726612768,2970565
2025-01-10,1352.7310791015625,1367.7561450210246,1352.7310791015625,1363.187403580926,2187195
2025-01-13,1360.248291015625,1360.6815803185455,1339.5522872573956,1342.3688977100849,2108251
2025-01-14,1387.114501953125,1392.9361943981442,1358.3830980077462,1361.1619910811326,3095657
2025-01-15,1385.955810546875,1389.092673176843,1375.3487324753362,1381.9333956930943,1839934
2025-01-16,1362.5091552734375,1396.6854242371292,1358.3831325596086,1388.5275571379077,2634213
2025-01-17,1370.393798828125,1376.2813817411175,1362.5091523907197,1362.5185817227289,1830894
2025-01-20,1389.28125,1403.4020200575058,1375.3394072720066,1376.2814205646587,3140975
2025-01-21,1383.0167236328125,1396.063583653063,1380.0493590092694,1395.1215704387223,1685604
2025-01-22,1357.441162109375,1382.8283744879598,1354.6151222160174,1378.4198166497624,2829384
2025-01-23,1359.3250732421875,1382.8754036864389,1354.6150071533373,1365.8908777720014,2712504
2025-01-24,1352.7310791015625,1363.8374525442262,1347.3710786987065,1358.383158819257,3136034
2025-01-27,1351.7796630859375,1360.238924164534,1344.2718446445592,1353.6731190279768,2935646
2025-02-05,1322.398193359375,1359.325065283006,1320.9003095577607,1356.4990256462431,4075652
2025-02-06,1330.9140625,1339.5335073483225,1318.8280730408,1318.8280730408,2735582
2025-02-07,1352.7310791015625,1359.0237784503458,1322.0308982993379,1331.7053931481555,3724207
2025-02-10,1348.50146484375,1356.4991485410078,1344.3377246712985,1354.615121945812,2083979
2025-02-11,1335.7747802734375,1352.6933013418497,1333.796575458991,1351.7418587658613,2357283
2025-02-12,1359.3250732421875,1361.2090996777276,1334.7196925937076,1335.7747427979361,2547579
2025-02-13,1380.10595703125,1389.7050166425424,1351.3274068769576,1359.3439486583275,4338536
2025-02-14,1389.4696044921875,1391.3536310745499,1373.6625938681223,1380.1060475739382,2709992
2025-02-17,1386.2855224609375,1408.290937992949,1382.0276042088049,1395.1216112697336,3247059
2025-02-18,1389.4696044921875,1406.4164144011877,1377.2987513730586,1384.7595380362818,2779992
2025-02-19,1404.541748046875,1407.7822184130139,1379.9552253550887,1389.5166827885198,3239331
2025-02-20,1388.527587890625,1405.4555390947467,1387.9529735833974,1397.0057074910426,2374973
2025-02-21,1401.91357421875,1409.9395459209848,1387.5950180777268,1394.1796818351536,3641783
2025-02-24,1393.303466796875,1412.5677064740303,1388.5275102853197,1401.7156955933215,3474373
2025-02-25,1369.687255859375,1387.9529064473334,1367.8032293726358,1384.7688970850702,2838743
2025-02-26,1375.348876953125,1380.0117968918069,1361.2092478162524,1371.0532410165185,2636609
2025-02-27,1399.417236328125,1403.5055415695633,1369.6872434408451,1375.3581815132095,4976217
2025-02-28,1413.76416015625,1439.7542745902847,1396.063693666552,1399.3607401765605,5612895
2025-03-03,1400.7926025390625,1432.7927659829993,1395.5926708477032,1415.4691280078787,3159566
2025-03-04,1384.8631591796875,1399.8317643212847,1380.247271009597,1398.8897510209338,2521121
2025-03-05,1381.3399658203125,1388.527531522781,1375.4335243397657,1386.6435050213931,2460522
2025-03-06,1418.6531982421875,1422.628466846099,1386.7189237636323,1388.527630731261,4216764
2025-03-07,1432.8021240234375,1439.7353276029905,1415.845885869314,1415.845885869314,3799135
2025-03-10,1434.592041015625,1438.3412354554,1418.803889310551,1431.6812521905108,3136907
2025-03-11,1458.8770751953125,1458.8770751953125,1424.323979901294,1429.0340459723964,3977560
2025-03-12,1453.130859375,1459.8192459110605,1437.8420016573662,1457.2568822981207,2960396
2025-03-13,1448.599853515625,1465.30173141912,1442.1093678879436,1454.4685781492262,2572439
2025-03-14,1533.6070556640625,1533.6070556640625,1451.6424706249497,1457.916311294027,9291315
2025-03-17,1542.8858642578125,1561.8485962733123,1532.5425767933318,1560.916012321063,5468913
2025-03-18,1529.82958984375,1556.2059620824355,1527.662913270258,1549.6495863519278,3161345
2025-03-19,1540.8604736328125,1552.437853402485,1528.887521888491,1530.102755792006,2738955
2025-03-20,1510.9893798828125,1542.6410047423346,1502.5771502574948,1540.8605857513046,3673677
2025-03-21,1482.4932861328125,1518.7136479847197,1477.8585397522538,1506.2791196354995,3361430
2025-03-24,1491.20703125,1497.4808719304267,1471.7827218987109,1478.9608585360077,2556585
2025-03-25,1484.141845703125,1500.4387205990486,1475.8144809373293,1495.9170110927087,1767438
2025-03-26,1484.6129150390625,1490.811320964937,1479.902848684243,1481.5702305725458,1432356
2025-03-27,1496.8590087890625,1505.572631086922,1482.1447668706212,1484.6128369109895,1795563
2025-03-28,1493.288818359375,1500.6271385272184,1484.6129129434378,1498.6772216554916,1622789
2025-03-31,1470.482666015625,1494.937292901619,1469.5972287670913,1489.3040721313378,2108494
2025-04-01,1465.79150390625,1478.8572233358234,1462.2023781585067,1473.3087513873943,1855644
2025-04-02,1459.197509765625,1476.8885477365984,1455.881604438668,1467.6567710873148,2167401
2025-04-03,1477.9056396484375,1494.0329006599227,1440.3475788324045,1441.2801626794967,3548050
2025-04-07,1413.019775390625,1447.732938207686,1377.2232744140624,1431.8694683936833,10195267
2025-04-08,1455.4105224609375,1455.4105224609375,1408.3098583036256,1425.2660974002579,7387649
2025-04-09,1451.6800537109375,1466.5261908930484,1432.3782125062992,1436.5889838982912,5563004
2025-04-10,1459.1785888671875,1464.8306686174801,1439.3963097411636,1461.0531861183526,3862021
2025-04-11,1478.0,1488.3527169043632,1455.410539602791,1488.3527169043632,3263423
2025-04-14,1461.9949951171875,1475.1926086892915,1461.5617058609387,1470.4542548960344,2171144
2025-04-15,1467.65673828125,1474.2508314570964,1455.4105652403923,1462.0046584162387,2148928
2025-04-16,1468.7589111328125,1484.6129534967529,1447.8744349774806,1462.00463440797,3115605
2025-04-17,1478.9608154296875,1485.0839016082182,1460.1111209330475,1463.88860329792,2384605
2025-04-18,1475.1361083984375,1483.6708032628167,1465.772552302821,1475.1926843870292,2029848
2025-04-21,1461.0625,1474.721691650548,1461.0625,1474.721691650548,1805703
2025-04-22,1458.9901123046875,1466.055211411938,1453.72417564262,1460.1204821651086,1843214
2025-04-23,1462.004638671875,1468.8059470862074,1455.4105455850818,1468.5987317586682,1866876
2025-04-24,1462.239990234375,1470.181212109689,1459.1595886705538,1462.004486934289,1487181
2025-04-25,1460.1204833984375,1470.670985410771,1460.1204833984375,1466.8087542272478,1476490
2025-04-28,1460.1204833984375,1464.8305494739163,1456.9176154687423,1462.004509828629,1465972
2025-04-29,1454.468505859375,1462.5133360764833,1443.1832051517279,1460.120585545357,1892180
2025-04-30,1457.2945556640625,1475.8145690927813,1456.6351923595996,1460.1111661941488,2575425
2025-05-06,1460.308837890625,1468.5986001679785,1454.7792249258434,1468.5986001679785,1830026
2025-05-07,1464.83056640625,1478.9607647960208,1460.3088569247839,1478.9607647960208,2746221
2025-05-08,1486.6759033203125,1500.4199600559612,1459.9604201363832,1462.946643671532,3348106
2025-05-09,1498.9127197265625,1504.8190463133385,1483.7180411408722,1487.4295182141502,2367190
2025-05-12,1511.4603271484375,1525.0536295496236,1504.0278284748736,1505.337240749893,2473533
2025-05-13,1498.083740234375,1515.6240226162167,1493.1946315968246,1515.6240226162167,2125829
2025-05-14,1540.1822509765625,1549.6118129097872,1496.0866700657564,1497.8010836027731,3946012
2025-05-15,1537.375,1548.2834716595162,1529.9519312478337,1540.0032536737178,2473285
2025-05-16,1520.5318603515625,1542.066269568337,1520.5318603515625,1539.2402298024845,2293522
2025-05-19,1487.4200439453125,1507.2211806041962,1482.6157994305067,1503.4531276526857,3806283
2025-05-20,1494.0330810546875,1502.3228440207124,1483.76511317391,1488.3810013029045,1952153
2025-05-21,1489.2947998046875,1503.3967118805235,1489.2947998046875,1493.0911411559575,1979464
2025-05-22,1488.380859375,1493.0814960543114,1479.0549056754837,1489.313443245767,1509024
2025-05-23,1481.4100341796875,1495.82288309823,1480.5245969086861,1483.6426010129983,2153700
2025-05-26,1460.591552734375,1483.3223371905344,1455.4104798288354,1478.9608112176516,2708653
2025-05-27,1454.374267578125,1468.2218162412219,1454.0068686146583,1461.062538599132,1775213
2025-05-28,1447.8743896484375,1456.785798346213,1444.1063365849413,1454.4590531775489,1626568
2025-05-29,1450.700439453125,1464.8306385387073,1443.1643332741476,1450.700439453125,2185958
2025-05-30,1433.7442626953125,1455.4105688989869,1427.37624349871,1450.841827328323,3123918
2025-06-03,1421.498046875,1430.9181797237409,1417.748852399898,1420.5654629223231,2897918
2025-06-04,1422.40234375,1434.686233790088,1421.7052631180914,1422.9110677215547,2300809
2025-06-05,1426.2081298828125,1428.0921564744674,1415.0923269953053,1426.2081298828125,2321366
2025-06-06,1419.039306640625,1430.8897915375123,1415.8458680294807,1426.0196567905036,2502307
2025-06-09,1399.9351806640625,1421.215226013043,1399.5301793957012,1417.7486819369456,4495867
2025-06-10,1389.47900390625,1405.4838001794546,1389.281217916755,1399.831720554068,3049220
2025-06-11,1394.1796875,1407.3678737331081,1390.5058126224055,1391.1652909291759,3089282
2025-06-12,1374.3973388671875,1397.8252039163324,1369.7814509199143,1394.1796172196282,4990361
2025-06-13,1344.205810546875,1365.8909747584134,1342.4255066317037,1360.6534406914766,5911325
2025-06-16,1339.8160400390625,1342.4065764338304,1319.9301544586108,1319.948898130146,4288787
2025-06-17,1344.2529296875,1344.2529296875,1330.2923436910853,1337.6588368298878,2723151
2025-06-18,1342.368896484375,1359.7395658154237,1338.610272773567,1356.499095394737,3076099
2025-06-19,1343.3109130859375,1350.5361962104726,1335.0024067023965,1343.3109130859375,2450072
2025-06-20,1345.816650390625,1357.5729570763071,1337.8471402880075,1341.0311495980338,3481581
2025-06-23,1337.658935546875,1349.9051089004731,1323.6983485201924,1337.658935546875,2672331
2025-06-24,1353.8614501953125,1367.5018991853972,1340.8145891676193,1340.8145891676193,3631151
2025-06-25,1352.59912109375,1365.1655455557825,1338.1392408142212,1355.6606641330445,4105007
2025-06-26,1363.94580078125,1371.6300024757923,1354.417348469437,1359.1431747221611,3486025
2025-06-27,1347.7032470703125,1366.8273363068556,1347.7032470703125,1363.9553753879277,3824973
2025-06-30,1353.8795166015625,1357.4430276202593,1346.656348241606,1348.097136060695,3045730
2025-07-01,1349.634033203125,1356.2039932183832,1347.9147727012112,1353.3801052058284,1987819
2025-07-02,1353.956298828125,1358.9511002204142,1344.7352803560061,1353.860269758422,2621825
2025-07-03,1359.719482421875,1366.5295734234617,1352.4195141763596,1356.2616150689062,2441267
2025-07-04,1366.078125,1375.366445916313,1354.3501498010742,1359.8154819210886,2876691
2025-07-07,1355.0128173828125,1367.3075865226479,1354.350111292878,1366.135773949611,2385467
2025-07-08,1360.209228515625,1363.9456853435543,1355.0127547290433,1355.022369360477,1867370
2025-07-09,1362.8699951171875,1373.5221867129296,1358.3459589634588,1359.14315266575,2774532
2025-07-10,1370.189208984375,1379.4871445869799,1354.7247765884665,1362.9564260289496,3872503
2025-07-11,1370.66943359375,1400.4457142114138,1366.9810497283352,1366.9810497283352,5724335
2025-07-14,1367.4036865234375,1378.334468271314,1365.4826360739098,1373.5510714122488,2778094
2025-07-15,1355.301025390625,1366.7601423483845,1352.7267663243347,1364.88704790138,3540578
2025-07-16,1355.3299560546875,1361.5349115777813,1354.292513755588,1354.3502015507008,2128605
2025-07-17,1360.4398193359375,1366.8369498844356,1357.1068250916953,1358.1633793425526,2310554
2025-07-18,1380.2747802734375,1381.0528620044722,1360.4687543655632,1363.945851070481,4182341
2025-07-21,1386.037841796875,1389.6878844001023,1378.3536403177516,1380.2650760555548,2620331
2025-07-22,1407.150146484375,1408.7061925715884,1383.809455176174,1386.9983471537148,4211898
2025-07-23,1417.2550048828125,1435.985247238092,1410.9635176012896,1411.011590764386,4504484
2025-07-24,1432.623291015625,1439.827229790427,1416.7746257110605,1417.735150881034,3880364
2025-07-25,1397.564208984375,1432.5273507900458,1395.64315852529,1432.5273507900458,4191126
2025-07-28,1381.869140625,1397.554474062793,1379.6023153485817,1395.6430384006521,3858632
2025-07-29,1382.19580078125,1391.5993802681658,1378.3633145080662,1382.7720924667635,2630408
2025-07-30,1392.2236328125,1399.638976697847,1380.2747552344604,1386.9984318431182,3186771
2025-07-31,1365.5499267578125,1387.83406488006,1362.0247570026622,1386.037887415262,5179751
2025-08-01,1361.064208984375,1369.6704772595544,1358.1826333831377,1365.7419620203189,2963559
2025-08-04,1362.9852294921875,1363.7536965363079,1358.1826035954568,1359.1431287748028,1868795
2025-08-05,1371.3802490234375,1373.4933575772086,1361.1698613877177,1364.9063185114012,2534227
2025-08-06,1367.672607421875,1372.5904916873315,1363.2734442777114,1372.5904916873315,2369928
2025-08-07,1366.2030029296875,1371.341789330058,1364.003479939646,1367.6726346348519,2800134
2025-08-08,1364.87744140625,1370.1891738096347,1362.0247097525846,1366.8754088282992,1865528
2025-08-11,1387.958984375,1394.6730464833006,1366.8274289035467,1367.307691527898,4715907
2025-08-12,1380.3131103515625,1407.236541414766,1379.3141266668888,1391.800953718887,4201923
2025-08-13,1363.993896484375,1377.0858600278787,1363.9458233223445,1368.7484494608036,6552754
2025-08-14,1370.659912109375,1390.3699089276192,1364.8486874674606,1364.8486874674606,4812930
2025-08-15,1365.9437255859375,1372.2640568657937,1364.1571626646114,1369.7186414651853,4758165
2025-08-18,1372.1103515625,1379.9290413496833,1366.9234916414462,1370.6599490211108,4737798
2025-08-19,1381.2352294921875,1389.5534105058111,1375.472078326017,1376.9128661175596,4637186
2025-08-20,1392.7615966796875,1395.4511142497843,1373.570321162939,1381.2352938106142,4580466
2025-08-21,1391.0806884765625,1397.5546192589272,1386.6622957922461,1396.075372858552,3089057
2025-08-22,1406.1607666015625,1406.2088397603939,1387.737959621339,1391.6857039742442,4497058
2025-08-25,1431.49951171875,1436.9457319374094,1408.1299752809105,1411.9816908007917,6532455
2025-08-26,1423.123779296875,1435.2456030719884,1421.5869623712642,1431.4899165728477,3960213
2025-08-27,1390.8404541015625,1426.312700422913,1390.8404541015625,1423.3830517370418,5600609
2025-08-28,1389.0155029296875,1398.6207551693667,1381.9748952485838,1390.811680408443,3928177
2025-08-29,1421.577392578125,1424.0555055519012,1394.6826851509713,1395.6432104162268,6225648
2025-09-01,1417.8311767578125,1429.2614497051036,1407.8416915622404,1423.6903568311477,4512338
2025-09-02,1432.4312744140625,1449.432523514885,1419.6562423823725,1420.2902218433867,5668837
2025-09-03,1422.1055908203125,1444.1495966250534,1408.1299026620075,1432.1430319707047,4504503
2025-09-04,1414.527099609375,1420.9050011236575,1402.8182362374148,1413.8931201353842,4774676
2025-09-05,1424.4588623046875,1428.2721191834173,1406.2088836237779,1412.9325599799024,3738848
2025-09-08,1441.9693603515625,1446.9736595850202,1419.1761140116553,1424.4590030993465,5138298
2025-09-09,1445.59033203125,1450.344884561542,1434.467493148856,1445.59033203125,3574277
2025-09-10,1461.9290771484375,1469.5555915196796,1436.945805468682,1447.185037688371,4966331
2025-09-11,1463.3602294921875,1465.7807719008354,1448.9523506327305,1461.9290562389442,3723896
2025-09-12,1456.15625,1477.3070343440315,1450.902205127525,1465.7615023087071,3372209
2025-09-15,1455.291748046875,1457.5778027773088,1442.228628409374,1456.0313712319587,2582703
2025-09-16,1440.7685546875,1460.9491982948434,1437.1473559635774,1455.2916908596671,3271789
2025-09-17,1434.0640869140625,1450.661990085845,1431.1921260196614,1440.7781485101757,3033054
2025-09-18,1410.0125732421875,1438.674730407266,1405.7286682547326,1433.1036371958053,4972125
2025-09-19,1410.022216796875,1417.2550000374201,1399.494897624468,1410.0414460620477,3263662
2025-09-22,1395.979248046875,1410.0221214999208,1392.771126773496,1407.255804289189,3494708
2025-09-23,1390.283447265625,1399.9654992108215,1383.1563079681528,1393.241822713754,3866300
2025-09-24,1385.077392578125,1399.27398372982,1377.460375853472,1377.460375853472,3074350
2025-09-25,1382.19580078125,1388.1606249166414,1379.3142251020674,1385.8745701877585,3386973
2025-09-26,1378.353759765625,1389.9857066924772,1371.6396975215303,1384.289857513377,4512071
2025-09-29,1403.19287109375,1411.9624711191286,1378.3537027574575,1382.5608079479246,5368403
2025-09-30,1386.98876953125,1403.0967958416595,1383.1562833761907,1402.366787311971,3936362
2025-10-09,1380.0633544921875,1382.560696434282,1363.9457143192133,1379.3141167340775,5491812
2025-10-10,1373.5511474609375,1383.09871244293,1371.1498342660757,1380.851116122993,3600144
2025-10-13,1363.1773681640625,1366.6833087261289,1359.2584674113803,1359.8155298377333,4606880
2025-10-14,1393.7412109375,1406.2088085260605,1373.5413390516894,1373.5413390516894,6667233
2025-10-15,1404.287841796875,1405.2483669964624,1388.0357132092752,1393.7028353371634,4278540
2025-10-16,1426.2935791015625,1426.3319203803899,1401.2910787511166,1404.2111130260932,4573015
2025-10-17,1397.564208984375,1429.2615415592784,1396.6325276521063,1424.554944484197,3808589
2025-10-20,1400.378662109375,1411.49188792135,1397.449013127638,1397.564271470272,2594988
2025-10-21,1404.5377197265625,1411.9144882917565,1398.0445593869988,1401.4063979014986,2544267
2025-10-22,1401.1180419921875,1407.8705621905135,1398.524670890493,1404.3646218111048,1819492
2025-10-23,1410.03173828125,1410.8194345915974,1390.0719968536785,1397.5641401758835,2932235
2025-10-24,1392.7615966796875,1420.5015702746553,1392.127617191436,1410.0029778206965,3822583
2025-10-27,1383.5501708984375,1395.15327339517,1379.3046071972667,1383.1563227260983,3710239
2025-10-28,1387.958984375,1393.914194016308,1384.212912454737,1385.0774086288927,2712433
2025-10-29,1375.3760986328125,1389.447816685708,1373.5895357773554,1383.1755588009655,3393711
2025-10-30,1370.419677734375,1379.9192857779356,1365.6843542862055,1365.6843542862055,4745610
2025-10-31,1373.5606689453125,1379.2949763253791,1364.0514458882071,1365.8668526106046,3569377
2025-11-03,1378.353759765625,1390.8405882513066,1364.0419098201735,1374.5116586931074,3454766
2025-11-04,1372.590576171875,1379.102965478425,1367.576662529466,1378.4497567206058,2656572
2025-11-05,1364.022705078125,1374.5020687722767,1363.9555198988608,1369.6034132670688,3447527
2025-11-06,1378.478515625,1384.548983213118,1373.541402096078,1373.551016728072,3834782
2025-11-07,1376.74951171875,1382.9449694702748,1374.6171739631295,1378.4592746766548,1886139
2025-11-10,1404.5760498046875,1405.9110766540678,1378.3344356247817,1378.35366488908,4945154
2025-11-11,1401.396728515625,1404.4608650413963,1389.8800401203275,1404.2879189052653,2669156
2025-11-12,1407.3134765625,1420.0019765402703,1401.6078960807017,1402.3475192220096,3299210
2025-11-13,1412.337158203125,1415.4107921817338,1400.445850611435,1404.4032100534134,3117923
2025-11-14,1399.10107421875,1420.5687903900819,1398.8129869909071,1411.97213618944,2747306
2025-11-17,1412.9326171875,1414.853667652745,1388.7178135936072,1396.60368823292,3446221
2025-11-18,1417.7352294921875,1427.4076668994355,1411.0115529295551,1412.644398908406,3420478
2025-11-19,1412.942138671875,1421.1258318745668,1411.933540343467,1415.8140995479528,2204537
2025-11-20,1409.1961669921875,1421.4813222992289,1407.1983167089481,1413.8931494733356,2400232
2025-11-21,1408.706298828125,1421.5773605428226,1398.524754696182,1412.4523707285275,4260720
2025-11-24,1394.6826171875,1412.9325963380252,1393.846964937514,1409.0904954642303,3360744
2025-11-25,1387.622802734375,1400.445791157822,1387.4787004989535,1400.445791157822,2844069
2025-11-26,1391.9451904296875,1396.1138371870554,1386.5949991226616,1391.6858298517534,2030616
2025-11-27,1390.168212890625,1392.7615841121187,1382.2342651072088,1392.2813214969076,2228689
2025-11-28,1393.2418212890625,1398.0444473534853,1386.0378821924282,1389.3997204375244,2321121
2025-12-01,1390.8404541015625,1404.5471671159837,1385.0773030486555,1393.722029628016,2733342
2025-12-02,1379.3431396484375,1394.605900347785,1378.3729997399603,1390.840599056882,2504726
2025-12-03,1372.6865234375,1379.2853267924424,1371.62996918047,1379.1317271834414,2357279
2025-12-04,1367.7686767578125,1375.952370349047,1362.3897590046763,1372.686561168053,2907539
2025-12-05,1373.5606689453125,1376.5190443901754,1363.465539578589,1367.768673771703,2540166
2025-12-08,1362.236083984375,1379.9578450946785,1362.0247965709932,1372.7826324077196,3360280
2025-12-09,1345.7054443359375,1364.9063340534356,1344.7833776476632,1362.2456604407298,4263443
2025-12-10,1347.4248046875,1347.4248046875,1328.5793048524874,1344.7352872124304,3313347
2025-12-11,1356.251953125,1356.251953125,1346.2241264260397,1351.1323960748537,2238501
2025-12-12,1364.5701904296875,1368.7484517267408,1357.7695967653378,1362.0247751217673,3715919
2025-12-15,1369.7088623046875,1383.146599757408,1369.2957848999622,1382.7623662475344,3335879
2025-12-16,1365.8668212890625,1372.379210222937,1359.143144953603,1369.900980189694,2396367
2025-12-17,1376.5286865234375,1383.0986462798394,1361.7174624870897,1368.7484555945914,3138249
2025-12-18,1374.5115966796875,1382.080540141126,1369.814614260253,1376.9129097416717,1782995
2025-12-19,1377.4002685546875,1379.793575932054,1368.6181302829627,1377.4002685546875,2650868
2025-12-22,1375.700439453125,1381.444496122474,1374.059229298456,1377.4002003733206,2042565
2025-12-23,1375.3096923828125,1380.2625387086143,1364.8863441743085,1375.7004680704335,2450681
2025-12-24,1368.5106201171875,1373.8443444359652,1367.6314046503132,1372.5060241884773,2518669
2025-12-25,1381.473876953125,1386.661045658059,1368.979548618493,1372.515848026406,2338621
2025-12-26,1381.4346923828125,1386.3288685020616,1377.4001750434393,1381.4738057244408,1780299
2025-12-29,1369.585205078125,1381.434759446902,1368.6083254739324,1381.434759446902,2630810
2025-12-30,1357.589111328125,1369.487557520126,1353.9551477761247,1368.608342016126,3379194
2025-12-31,1345.339111328125,1361.7701738693952,1345.3293329922028,1357.8626554364844,3476563
2026-01-05,1393.0302734375,1398.7743301063065,1352.9782108772351,1352.9782108772351,7094942
2026-01-06,1394.993896484375,1403.74669985065,1383.7793373593345,1399.428968184627,3958618
2026-01-07,1390.4512939453125,1401.8221864784932,1387.364321106904,1399.7512065548003,2968380
2026-01-08,1379.6470947265625,1390.4513209992176,1375.583242236625,1390.4219859919542,2913454
2026-01-09,1386.289794921875,1395.5701509773533,1383.2712703943216,1384.2383716434213,2984774
2026-01-12,1390.3243408203125,1397.9147144290725,1384.3360640731387,1386.2898232826833,3608266
2026-01-13,1378.3770751953125,1396.4689039366622,1376.4135377170303,1393.8020417865162,3916866
2026-01-14,1365.6875,1389.3670526727008,1363.8998532077892,1378.3771568438606,5175797
2026-01-15,1356.7783203125,1370.395964680988,1356.4754303978273,1363.7434766219942,4090714
2026-01-16,1350.047607421875,1365.1892412243635,1348.0938482215538,1362.7470422239621,5512068
2026-01-19,1344.186279296875,1355.4106159409898,1343.2093997334325,1349.9498925707844,4228640
2026-01-20,1341.79296875,1349.6372209965846,1340.327649408457,1347.6053544389226,3648443
2026-01-21,1319.822998046875,1342.6233343215922,1318.7874484409126,1341.8027888542235,6451625
2026-01-22,1309.0772705078125,1330.2755091002239,1306.5568449433672,1320.7509334622891,5901089
2026-01-23,1306.0880126953125,1316.8336881924317,1301.6627195301614,1309.1163155767194,6194890
2026-01-26,1310.972412109375,1323.6718468019399,1294.4826798309557,1309.5168710575285,8016606
2026-01-27,1311.9591064453125,1322.401892331729,1307.0649300150574,1313.8835306749177,4841596
2026-01-28,1293.085693359375,1315.573480707135,1291.4446024192973,1311.9884089136094,7621801
2026-01-29,1404.479248046875,1411.5909598412336,1298.331601243597,1304.1342085730428,18953440
2026-01-30,1368.6082763671875,1401.8221817179972,1368.6082763671875,1401.8221817179972,9447974
2026-02-02,1394.0072021484375,1424.857017273711,1378.9827889909611,1392.0534429302897,8572427
2026-02-03,1440.8193359375,1442.6656527340292,1409.6666304620956,1411.591054699155,8632066
2026-02-04,1489.7413330078125,1497.8201460704256,1439.9204753137808,1450.6661505026896,10912293
2026-02-05,1519.0477294921875,1528.8165251802402,1479.972546739977,1484.8569445840033,9162274
2026-02-06,1479.982421875,1531.7472640718745,1471.063506058539,1519.047828846789,7896538
2026-02-09,1489.7022705078125,1507.2079957968358,1478.4974901615803,1482.9032266792353,5116846
2026-02-10,1470.0084228515625,1489.7120074358388,1461.900274731203,1489.7120074358388,3957596
2026-02-11,1469.5491943359375,1478.9956626667924,1461.4118304818505,1470.008418360353,3092846
2026-02-12,1452.2291259765625,1468.074083775839,1439.2952501782488,1465.5146641057315,4624582
2026-02-13,1450.9593505859375,1472.9391420859386,1436.5795919183452,1452.229222546026,4167901
2026-02-24,1432.8870849609375,1489.1553276413863,1429.7609986049117,1485.8339130591096,4191253
2026-02-25,1457.1722412109375,1474.756073814069,1433.9420159635035,1436.012995922397,3688067
2026-02-26,1432.310546875,1455.05233173653,1430.8062334355989,1452.2291354877925,3295801
2026-02-27,1421.37939453125,1442.0794163054325,1421.37939453125,1433.0726148871086,3216016
2026-03-02,1406.8140869140625,1423.3135979078745,1403.4438999442286,1416.4754406083857,3545386
2026-03-03,1393.2158203125,1419.279019776811,1389.2497512569712,1406.8042485558794,4589086
2026-03-04,1368.7841796875,1390.0996396121539,1359.9042584641686,1382.2846029874895,4801443
2026-03-05,1366.6937255859375,1380.2918138150328,1362.7470936928712,1373.4927697004853,3050524
2026-03-06,1369.585205078125,1374.9580429011846,1355.9088906194277,1362.7470478487762,2915415
2026-03-09,1364.7008056640625,1372.4181783789063,1351.2198194407658,1357.8626484416943,3744162
2026-03-10,1369.468017578125,1376.902057236943,1365.6777198518207,1372.418213134166,2462592
2026-03-11,1367.6314697265625,1373.4829691179095,1365.6972671562007,1370.55233025421,2445673
2026-03-12,1359.81640625,1371.4900697969842,1358.8493049836707,1362.7470450565731,2758646
2026-03-13,1380.9560546875,1384.8440163106188,1359.8163664057433,1360.2852495213765,3360783
2026-03-16,1426.4200439453125,1432.1054304976803,1387.1689708776985,1387.1689708776985,6008635
2026-03-17,1450.666259765625,1463.4340241417137,1427.4066983885236,1434.0593059501264,4945361
2026-03-18,1434.8408203125,1461.900337837557,1429.3214266608404,1454.573740755177,3555100
2026-03-19,1419.279052734375,1438.943643756032,1412.5678946851476,1438.9045304128642,3031859
2026-03-20,1411.591064453125,1428.686457967263,1405.729786676849,1419.366988143624,2613234
2026-03-23,1375.5147705078125,1401.8221899279831,1367.660739814553,1400.1907581086841,4725589
2026-03-24,1374.7918701171875,1384.8146639562722,1367.8072766520731,1383.2614588431957,2856179
2026-03-25,1377.6640625,1385.0883238794652,1368.6181475363246,1377.5077283688947,2609346
2026-03-26,1368.7841796875,1381.2100593011974,1367.9245208888672,1376.4233255189913,2309289
2026-03-27,1383.281005859375,1393.0302447337233,1364.368631993787,1367.6313763164183,3008711
2026-03-30,1387.1690673828125,1397.9147432569048,1370.0932306189352,1374.4696322588854,2868459
2026-03-31,1416.4754638671875,1445.7135236697875,1414.9222586445253,1434.0592972117456,6169066
2026-04-01,1425.6971435546875,1436.0032713040262,1419.288875219676,1430.6304333631958,2912514
2026-04-02,1426.126953125,1431.0113509808343,1418.5268014418032,1425.6970641047294,2106437
2026-04-03,1426.2442626953125,1435.9739456705036,1421.359864535397,1425.794936223961,2019373
2026-04-07,1406.7261962890625,1436.0130279425234,1401.8711332426815,1426.2931235138128,2415218
2026-04-08,1431.148193359375,1435.1142625892892,1418.556200805997,1426.244238609954,3383610
2026-04-09,1426.722900390625,1431.148193669256,1414.0332437225507,1431.148193669256,2070476
2026-04-10,1420.3438720703125,1425.9609299562383,1407.7812143082456,1425.4041610349282,2886556
2026-04-13,1409.940185546875,1413.0563743043995,1399.8684993973068,1410.6141752475303,2521364
2026-04-14,1413.4471435546875,1415.1077912065819,1401.822252247426,1409.2465134968365,2423261
2026-04-15,1433.57080078125,1436.7847727972157,1408.660371193569,1411.5714532970774,3455348
2026-04-16,1429.0185546875,1443.251757577152,1426.2442499469066,1433.5219554409284,2451284
2026-04-17,1374.7039794921875,1388.1458517484652,1367.5043819205266,1367.6313810329707,9682499
2026-04-20,1378.2696533203125,1381.2490645086395,1367.631420319638,1370.5620590774658,3645139
2026-04-21,1379.36376953125,1387.0713638626328,1377.4002320011107,1378.3771115982745,2175427
2026-04-22,1376.9117431640625,1386.1920990066014,1372.4962284624598,1382.2845807571114,2691593
2026-04-23,1386.192138671875,1386.875906685904,1372.6134885167512,1375.4464631782946,3770109
2026-04-24,1424.7691650390625,1425.1501624053303,1380.42858422961,1380.42858422961,5545531
2026-04-27,1370.7574462890625,1387.1690717384076,1369.7805666610777,1387.1690717384076,7279774
2026-04-28,1372.515869140625,1376.8043849916858,1367.7389134784823,1369.5852302741325,3400442
2026-04-29,1368.7744140625,1377.1559979910066,1367.9049769201729,1372.5158199520229,3481313
2026-04-30,1352.773193359375,1368.774486615041,1348.0939017295182,1367.6314945082067,5275267
2026-05-06,1343.20947265625,1347.116991122159,1328.6051700891148,1333.538340603525,4780604
2026-05-07,1339.350830078125,1355.9088916829792,1338.3348371296083,1343.2094568185134,4046147
2026-05-08,1341.245849609375,1350.7997602691696,1338.324989282095,1339.946642731539,3336853
2026-05-11,1329.85546875,1341.148254214387,1329.5331414098707,1341.148254214387,5713510
2026-05-12,1323.2322998046875,1332.0534318970488,1319.2758897556107,1330.510005070079,5083743
2026-05-13,1313.0140380859375,1327.1885702969582,1307.064874847706,1323.1833878783393,5696787
2026-05-14,1311.1385498046875,1337.4068568418068,1304.310170866869,1307.0649188994655,5524434
2026-05-15,1302.131591796875,1308.31531587283,1296.426648424502,1304.280798427177,5818365
2026-05-18,1292.4117431640625,1311.6367866426076,1289.100106927374,1305.1111782820767,4966097
2026-05-19,1293.681640625,1299.2400280463487,1287.527251737679,1291.3371058465925,4325464
2026-05-20,1284.5966796875,1302.1707342294685,1283.6198000831748,1290.4579573134506,4748733
2026-05-21,1280.689208984375,1292.9197611658742,1280.689208984375,1282.6234115933207,3886838
2026-05-22,1260.3699951171875,1281.5781320340252,1260.2918876795268,1280.640246542114,4915714
2026-05-25,1256.14990234375,1274.6227283445683,1247.4752070191473,1257.2440026888353,4635276
2026-05-26,1243.93896484375,1260.0672567744073,1240.6468853219042,1255.6321851774755,4593162
2026-05-27,1272.8741455078125,1288.5042194357673,1221.1971897339122,1238.7029154625016,8272791
2026-05-28,1246.478759765625,1273.8509440698726,1241.6139186447915,1260.1746302531717,4588998
2026-05-29,1295.34228515625,1298.2729238104498,1240.6370302778564,1241.223134159098,7647805
2026-06-01,1279.321533203125,1296.3192625297545,1271.223282199549,1296.3192625297545,4384460
2026-06-02,1276.9964599609375,1295.6939489049814,1270.9202977640894,1275.8046955264417,3636185
2026-06-03,1252.271728515625,1273.8509649230812,1246.4983368419107,1273.8509649230812,5247652
2026-06-04,1238.683349609375,1259.1880431517911,1237.403580076969,1249.4192470192252,3350617
2026-06-05,1243.430908203125,1253.33648129726,1238.4292896026302,1248.4520834745895,3130397
2026-06-08,1233.7794189453125,1248.4521701024094,1230.8683367206852,1242.5908923085012,3082836
2026-06-09,1226.9608154296875,1233.7989728405219,1223.590628404977,1233.7891945043805,2786012
2026-06-10,1246.381103515625,1252.3596016804042,1221.3045621658043,1223.1313221814871,3924414
2026-06-11,1249.428955078125,1253.2192525342864,1237.6185146075986,1242.7080189470344,2535198
2026-06-12,1262.04052734375,1265.0590518463616,1235.7624428805084,1241.7898327981202,5049478
2026-06-15,1241.711669921875,1262.8122460136356,1240.73479029496,1262.8122460136356,4158556
2026-06-16,1226.638427734375,1238.5660892719673,1225.9838754851164,1237.716208805495,3496974
2026-06-17,1211.3306884765625,1230.6436170007432,1209.924039109628,1228.9145210512222,4480330
2026-06-18,1186.90869140625,1210.2268022444514,1183.2160579690226,1206.4462830343364,5747173
2026-06-22,1212.7081298828125,1223.8348027655331,1177.139910484461,1186.2347167414337,5825131
2026-06-23,1194.1864013671875,1234.7757958361583,1188.8624553264278,1210.353806203323,5800405
2026-06-24,1179.758056640625,1213.1575143083664,1179.5919441724684,1194.381916238552,4533528
2026-06-25,1184.07568359375,1198.6312127984397,1172.2554648395496,1179.0936217177805,4844649
2026-06-26,1168.6300048828125,1199.0,1168.0999755859375,1199.0,5006647
2026-06-29,1194.9599609375,1215.0,1151.010009765625,1169.0,6687812
2026-06-30,1185.489990234375,1195.6700439453125,1176.0,1187.0,3960779
2026-07-01,1193.010009765625,1196.800048828125,1166.3299560546875,1180.0999755859375,4247381
2026-07-02,1203.0,1215.52001953125,1190.510009765625,1193.010009765625,5087015
2026-07-03,1194.449951171875,1210.1400146484375,1185.0,1205.239990234375,3426755
2026-07-06,1206.9100341796875,1215.0,1180.0,1186.0,4097001
2026-07-07,1188.800048828125,1202.0,1188.1099853515625,1200.0,2736500
2026-07-08,1199.300048828125,1200.97998046875,1177.0,1188.77001953125,2577602
2026-07-09,1182.18994140625,1191.989990234375,1178.0,1191.0,3409634
2026-07-10,1204.97998046875,1204.97998046875,1170.280029296875,1182.199951171875,5221255
2026-07-13,1210.989990234375,1215.0,1190.18994140625,1197.1199951171875,4198257
2026-07-14,1214.8800048828125,1226.8699951171875,1205.0,1208.989990234375,4352726
2026-07-15,1251.06005859375,1256.5999755859375,1198.6600341796875,1203.6600341796875,7194371
2026-07-16,1258.989990234375,1267.969970703125,1245.050048828125,1252.0,4761114
2026-07-17,1253.0,1269.3299560546875,1238.97998046875,1269.010009765625,5841730
2026-07-20,1327.5,1329.0,1266.0,1270.0,10615115
2026-07-21,1308.0,1344.699951171875,1296.8699951171875,1338.97998046875,7714770
2026-07-22,1305.0,1308.0,1283.239990234375,1300.0,6518140
2026-07-23,1292.010009765625,1303.0,1285.4300537109375,1299.800048828125,3391769
2026-07-24,1297.4100341796875,1309.2099609375,1286.199951171875,1305.0,3569892
2026-07-27,1289.5,1308.0,1279.5799560546875,1308.0,3199044
2026-07-28,1320.0,1320.0,1289.52001953125,1299.0,5313457
2026-07-29,1321.0,1343.47998046875,1312.06005859375,1333.8299560546875,6232985
2026-07-30,1361.760009765625,1362.0,1322.0,1323.0,7187261
2026-07-31,1350.5999755859375,1355.719970703125,1325.77001953125,1330.030029296875,5512752
2026-08-03,1358.97998046875,1363.3499755859375,1346.0,1350.5999755859375,3614686
2026-08-04,1328.3599853515625,1350.93994140625,1328.3599853515625,1350.06005859375,3745031
2026-08-05,1306.449951171875,1333.800048828125,1303.5,1328.3599853515625,4268859
2026-08-06,1308.550048828125,1314.4000244140625,1300.010009765625,1310.0,2546328
2026-08-07,1309.219970703125,1315.280029296875,1301.0,1308.6600341796875,2497581
2026-08-10,1348.8599853515625,1359.969970703125,1318.0799560546875,1325.0,6268572
2026-08-11,1346.5,1352.6500244140625,1338.0,1348.0,2707300
2026-08-12,1343.0,1356.8800048828125,1332.510009765625,1346.5,3505960
2026-08-13,1355.2900390625,1359.5999755859375,1337.0,1338.0,3235348
2026-08-14,1341.989990234375,1359.0,1338.1400146484375,1355.0,2985315
2026-08-17,1293.0899658203125,1301.0,1280.3399658203125,1295.0,7842956
2026-08-18,1297.989990234375,1302.9000244140625,1285.1700439453125,1291.0,3872283
2026-08-19,1307.8800048828125,1308.8800048828125,1290.5,1300.0,3754751
2026-08-20,1291.5,1306.8800048828125,1291.0,1299.800048828125,2533166
2026-08-21,1272.8299560546875,1291.5,1272.010009765625,1291.5,3347231
2026-08-24,1304.6600341796875,1313.800048828125,1270.3299560546875,1271.010009765625,4843957
2026-08-25,1304.0,1317.0,1301.1099853515625,1311.8900146484375,2111118
2026-08-26,1302.800048828125,1314.449951171875,1295.0,1300.0,2173083
2026-08-27,1292.300048828125,1305.0,1288.0,1304.0,2476747
2026-08-28,1297.4000244140625,1297.8900146484375,1288.0,1289.0,1612611
2026-08-31,1299.52001953125,1305.0,1286.0,1297.989990234375,2324759
2026-09-01,1299.56005859375,1307.989990234375,1286.0999755859375,1295.0,3266402
2026-09-02,1297.5,1303.0,1291.199951171875,1302.800048828125,2030845
2026-09-03,1298.8800048828125,1305.0,1293.02001953125,1297.5,1774765
2026-09-04,1330.0,1338.8599853515625,1295.5999755859375,1295.8800048828125,4541564
2026-09-07,1316.010009765625,1333.5999755859375,1312.6600341796875,1324.0,2524962
2026-09-08,1309.300048828125,1323.0,1309.050048828125,1318.0,1753404
2026-09-09,1290.8800048828125,1309.300048828125,1286.6800537109375,1305.010009765625,3222611
2026-09-10,1285.1300048828125,1294.989990234375,1282.0,1291.0,1890022
2026-09-11,1275.1600341796875,1286.1500244140625,1263.010009765625,1285.1500244140625,3480142
2026-09-14,1277.9599609375,1285.530029296875,1270.3599853515625,1277.27001953125,1657146
2026-09-15,1272.75,1284.5,1271.280029296875,1281.0,1376172
2026-09-16,1258.0,1274.97998046875,1254.0999755859375,1273.9300537109375,2623524
2026-09-17,1266.97998046875,1267.5999755859375,1254.0,1257.97998046875,1755380
2026-09-18,1257.1199951171875,1265.8800048828125,1256.0999755859375,1262.989990234375,2489087
2026-09-21,1252.5699462890625,1259.949951171875,1250.800048828125,1259.0,2501689
2026-09-22,1253.800048828125,1265.8800048828125,1248.0999755859375,1252.1500244140625,2457294
2026-09-23,1251.239990234375,1271.5,1250.8900146484375,1255.030029296875,3098122
2026-09-24,1237.0,1256.1300048828125,1231.050048828125,1250.010009765625,3123935
2026-09-28,1243.8800048828125,1244.010009765625,1228.0999755859375,1236.0,2821830
